from,to,rep_period,time_step,scenario,flow
AUS,BLK,1,1,1982,-1746.0
AUS,BLK,1,2,1982,-1746.0
AUS,BLK,1,3,1982,-1746.0
AUS,BLK,1,4,1982,-1746.0
AUS,BLK,1,5,1982,-1746.0
AUS,BLK,1,6,1982,-1746.0
AUS,BLK,1,7,1982,-1746.0
AUS,BLK,1,8,1982,-1746.0
AUS,BLK,1,9,1982,-1746.0
AUS,BLK,1,10,1982,-1746.0
AUS,BLK,1,11,1982,-1746.0
AUS,BLK,1,12,1982,-1746.0
AUS,BLK,1,13,1982,-1746.0
AUS,BLK,1,14,1982,-1746.0
AUS,BLK,1,15,1982,-1746.0
AUS,BLK,1,16,1982,-1746.0
AUS,BLK,1,17,1982,-1746.0
AUS,BLK,1,18,1982,-1646.6413210485734
AUS,BLK,1,19,1982,-1746.0
AUS,BLK,1,20,1982,-1746.0
AUS,BLK,1,21,1982,-1746.0
AUS,BLK,1,22,1982,-1746.0
AUS,BLK,1,23,1982,-1746.0
AUS,BLK,1,24,1982,-1746.0
AUS,BLK,2,1,1982,-1746.0
AUS,BLK,2,2,1982,-1746.0
AUS,BLK,2,3,1982,-1746.0
AUS,BLK,2,4,1982,-1746.0
AUS,BLK,2,5,1982,-1746.0
AUS,BLK,2,6,1982,-602.0248304858978
AUS,BLK,2,7,1982,-1746.0
AUS,BLK,2,8,1982,-1746.0
AUS,BLK,2,9,1982,-1746.0
AUS,BLK,2,10,1982,-1746.0
AUS,BLK,2,11,1982,-1746.0
AUS,BLK,2,12,1982,-1657.7406296751979
AUS,BLK,2,13,1982,-1742.523755339911
AUS,BLK,2,14,1982,-1746.0
AUS,BLK,2,15,1982,-1746.0
AUS,BLK,2,16,1982,-1722.3625310094067
AUS,BLK,2,17,1982,-1619.6736611129418
AUS,BLK,2,18,1982,-1746.0
AUS,BLK,2,19,1982,-1746.0
AUS,BLK,2,20,1982,-1746.0
AUS,BLK,2,21,1982,-1746.0
AUS,BLK,2,22,1982,-1419.9108348003247
AUS,BLK,2,23,1982,-1746.0
AUS,BLK,2,24,1982,-1746.0
AUS,BLK,3,1,1982,-1746.0
AUS,BLK,3,2,1982,-1746.0
AUS,BLK,3,3,1982,-1746.0
AUS,BLK,3,4,1982,-1746.0
AUS,BLK,3,5,1982,-1746.0
AUS,BLK,3,6,1982,-1465.557328497523
AUS,BLK,3,7,1982,-1746.0
AUS,BLK,3,8,1982,765.159635771967
AUS,BLK,3,9,1982,1686.0
AUS,BLK,3,10,1982,1023.1616492038802
AUS,BLK,3,11,1982,1686.0
AUS,BLK,3,12,1982,135.36000378502285
AUS,BLK,3,13,1982,1686.0
AUS,BLK,3,14,1982,-783.4305777772424
AUS,BLK,3,15,1982,-317.2355695068327
AUS,BLK,3,16,1982,384.57122987560615
AUS,BLK,3,17,1982,1686.0
AUS,BLK,3,18,1982,1686.0
AUS,BLK,3,19,1982,1686.0
AUS,BLK,3,20,1982,1686.0
AUS,BLK,3,21,1982,1686.0
AUS,BLK,3,22,1982,1686.0
AUS,BLK,3,23,1982,1686.0
AUS,BLK,3,24,1982,1686.0
AUS,CZE,1,1,1982,-900.0
AUS,CZE,1,2,1982,-900.0
AUS,CZE,1,3,1982,-900.0
AUS,CZE,1,4,1982,-900.0
AUS,CZE,1,5,1982,-900.0
AUS,CZE,1,6,1982,-900.0
AUS,CZE,1,7,1982,-900.0
AUS,CZE,1,8,1982,-900.0
AUS,CZE,1,9,1982,-900.0
AUS,CZE,1,10,1982,-844.5541618337866
AUS,CZE,1,11,1982,-900.0
AUS,CZE,1,12,1982,-835.692467377613
AUS,CZE,1,13,1982,-844.4395580147457
AUS,CZE,1,14,1982,-900.0
AUS,CZE,1,15,1982,-875.3640964896495
AUS,CZE,1,16,1982,-900.0
AUS,CZE,1,17,1982,-848.8278610718107
AUS,CZE,1,18,1982,-900.0
AUS,CZE,1,19,1982,-900.0
AUS,CZE,1,20,1982,-900.0
AUS,CZE,1,21,1982,-900.0
AUS,CZE,1,22,1982,-900.0
AUS,CZE,1,23,1982,-900.0
AUS,CZE,1,24,1982,-900.0
AUS,CZE,2,1,1982,900.0
AUS,CZE,2,2,1982,-82.43686250187307
AUS,CZE,2,3,1982,900.0
AUS,CZE,2,4,1982,-267.96620368588947
AUS,CZE,2,5,1982,-253.30049984355355
AUS,CZE,2,6,1982,-672.3120478638302
AUS,CZE,2,7,1982,-900.0
AUS,CZE,2,8,1982,-118.42858584874739
AUS,CZE,2,9,1982,-900.0
AUS,CZE,2,10,1982,20.437159282610082
AUS,CZE,2,11,1982,-426.84996731937645
AUS,CZE,2,12,1982,-900.0
AUS,CZE,2,13,1982,-900.0
AUS,CZE,2,14,1982,-681.7106557802636
AUS,CZE,2,15,1982,-617.3782534517632
AUS,CZE,2,16,1982,-900.0
AUS,CZE,2,17,1982,-900.0
AUS,CZE,2,18,1982,-900.0
AUS,CZE,2,19,1982,-900.0
AUS,CZE,2,20,1982,-900.0
AUS,CZE,2,21,1982,-426.9471833448479
AUS,CZE,2,22,1982,-663.7233496966965
AUS,CZE,2,23,1982,-370.8154751887196
AUS,CZE,2,24,1982,-706.0739305552252
AUS,CZE,3,1,1982,107.36698996730911
AUS,CZE,3,2,1982,8.201550316780867
AUS,CZE,3,3,1982,900.0
AUS,CZE,3,4,1982,-900.0
AUS,CZE,3,5,1982,-900.0
AUS,CZE,3,6,1982,-900.0
AUS,CZE,3,7,1982,-900.0
AUS,CZE,3,8,1982,-900.0
AUS,CZE,3,9,1982,-173.92159172993433
AUS,CZE,3,10,1982,-900.0
AUS,CZE,3,11,1982,900.0
AUS,CZE,3,12,1982,-154.55756262783325
AUS,CZE,3,13,1982,-900.0
AUS,CZE,3,14,1982,-900.0
AUS,CZE,3,15,1982,900.0
AUS,CZE,3,16,1982,-900.0
AUS,CZE,3,17,1982,-381.3143293557423
AUS,CZE,3,18,1982,-900.0
AUS,CZE,3,19,1982,-900.0
AUS,CZE,3,20,1982,900.0
AUS,CZE,3,21,1982,900.0
AUS,CZE,3,22,1982,-148.3615443144222
AUS,CZE,3,23,1982,-615.214872174741
AUS,CZE,3,24,1982,900.0
AUS,GER,1,1,1982,1788.550745434541
AUS,GER,1,2,1982,1902.265505082074
AUS,GER,1,3,1982,2034.3538739667492
AUS,GER,1,4,1982,2028.5337774380214
AUS,GER,1,5,1982,1877.4420841485635
AUS,GER,1,6,1982,1386.6530327040796
AUS,GER,1,7,1982,809.3827377671028
AUS,GER,1,8,1982,-1666.7859353564133
AUS,GER,1,9,1982,-1607.2132432970607
AUS,GER,1,10,1982,-1814.627410669133
AUS,GER,1,11,1982,-1535.896551087923
AUS,GER,1,12,1982,-98.58313409891002
AUS,GER,1,13,1982,-55.90776047564373
AUS,GER,1,14,1982,41.51022256176384
AUS,GER,1,15,1982,67.53408484735178
AUS,GER,1,16,1982,153.3322643852066
AUS,GER,1,17,1982,235.86101207189017
AUS,GER,1,18,1982,335.5692201517886
AUS,GER,1,19,1982,-525.7932391363663
AUS,GER,1,20,1982,1016.9757406150343
AUS,GER,1,21,1982,1222.0759783169294
AUS,GER,1,22,1982,1213.8539581158448
AUS,GER,1,23,1982,1481.890380748192
AUS,GER,1,24,1982,1667.021963366454
AUS,GER,2,1,1982,7006.668330257645
AUS,GER,2,2,1982,7500.0
AUS,GER,2,3,1982,7500.0
AUS,GER,2,4,1982,7500.0
AUS,GER,2,5,1982,7500.0
AUS,GER,2,6,1982,7500.0
AUS,GER,2,7,1982,6407.002394376726
AUS,GER,2,8,1982,7500.0
AUS,GER,2,9,1982,7500.0
AUS,GER,2,10,1982,7500.0
AUS,GER,2,11,1982,7500.0
AUS,GER,2,12,1982,7500.0
AUS,GER,2,13,1982,7500.0
AUS,GER,2,14,1982,7500.0
AUS,GER,2,15,1982,7500.0
AUS,GER,2,16,1982,7500.0
AUS,GER,2,17,1982,7500.0
AUS,GER,2,18,1982,7500.0
AUS,GER,2,19,1982,7500.0
AUS,GER,2,20,1982,7500.0
AUS,GER,2,21,1982,7500.0
AUS,GER,2,22,1982,7500.0
AUS,GER,2,23,1982,7500.0
AUS,GER,2,24,1982,7500.0
AUS,GER,3,1,1982,3814.512168195431
AUS,GER,3,2,1982,3722.409626082625
AUS,GER,3,3,1982,2714.378383074607
AUS,GER,3,4,1982,4492.7248907245175
AUS,GER,3,5,1982,4368.639516209071
AUS,GER,3,6,1982,1396.8069969291123
AUS,GER,3,7,1982,-920.5268652190753
AUS,GER,3,8,1982,-1239.758447351566
AUS,GER,3,9,1982,-2969.198701122332
AUS,GER,3,10,1982,-4034.7180924367003
AUS,GER,3,11,1982,-4245.231027663292
AUS,GER,3,12,1982,-1573.6855289885625
AUS,GER,3,13,1982,-1767.4027177842681
AUS,GER,3,14,1982,383.9226406581365
AUS,GER,3,15,1982,-1952.5498423805911
AUS,GER,3,16,1982,-964.6432272689544
AUS,GER,3,17,1982,-2840.856299768662
AUS,GER,3,18,1982,-2315.220856258081
AUS,GER,3,19,1982,-2195.386886176222
AUS,GER,3,20,1982,-5847.857949431455
AUS,GER,3,21,1982,-5629.333733835694
AUS,GER,3,22,1982,-1063.3008180278498
AUS,GER,3,23,1982,-743.0656396806341
AUS,GER,3,24,1982,-1505.027630895749
AUS,ITA,1,1,1982,-1081.0
AUS,ITA,1,2,1982,-1081.0
AUS,ITA,1,3,1982,-1081.0
AUS,ITA,1,4,1982,-1081.0
AUS,ITA,1,5,1982,-1081.0
AUS,ITA,1,6,1982,-1081.0
AUS,ITA,1,7,1982,-1081.0
AUS,ITA,1,8,1982,1076.2561719164235
AUS,ITA,1,9,1982,849.1313823913356
AUS,ITA,1,10,1982,930.5864711983286
AUS,ITA,1,11,1982,453.9705897840681
AUS,ITA,1,12,1982,-1081.0
AUS,ITA,1,13,1982,-1081.0
AUS,ITA,1,14,1982,-1081.0
AUS,ITA,1,15,1982,-1081.0
AUS,ITA,1,16,1982,-1081.0
AUS,ITA,1,17,1982,-1081.0
AUS,ITA,1,18,1982,-1081.0
AUS,ITA,1,19,1982,-644.9238971766551
AUS,ITA,1,20,1982,-1081.0
AUS,ITA,1,21,1982,-1081.0
AUS,ITA,1,22,1982,-1081.0
AUS,ITA,1,23,1982,-1081.0
AUS,ITA,1,24,1982,-1081.0
AUS,ITA,2,1,1982,-1081.0
AUS,ITA,2,2,1982,-522.0859532053281
AUS,ITA,2,3,1982,-1081.0
AUS,ITA,2,4,1982,-1081.0
AUS,ITA,2,5,1982,-1081.0
AUS,ITA,2,6,1982,-1081.0
AUS,ITA,2,7,1982,1101.5947263295711
AUS,ITA,2,8,1982,-1081.0
AUS,ITA,2,9,1982,-1081.0
AUS,ITA,2,10,1982,-1081.0
AUS,ITA,2,11,1982,-1081.0
AUS,ITA,2,12,1982,-1081.0
AUS,ITA,2,13,1982,-1081.0
AUS,ITA,2,14,1982,-1081.0
AUS,ITA,2,15,1982,-1081.0
AUS,ITA,2,16,1982,-1081.0
AUS,ITA,2,17,1982,-1081.0
AUS,ITA,2,18,1982,-1036.6235825822005
AUS,ITA,2,19,1982,-906.1534100539102
AUS,ITA,2,20,1982,-1081.0
AUS,ITA,2,21,1982,-1014.5939020601345
AUS,ITA,2,22,1982,-1081.0
AUS,ITA,2,23,1982,-1081.0
AUS,ITA,2,24,1982,-1081.0
AUS,ITA,3,1,1982,-1081.0
AUS,ITA,3,2,1982,-1081.0
AUS,ITA,3,3,1982,-1081.0
AUS,ITA,3,4,1982,-1081.0
AUS,ITA,3,5,1982,-1081.0
AUS,ITA,3,6,1982,1229.0
AUS,ITA,3,7,1982,1165.3178393141425
AUS,ITA,3,8,1982,1229.0
AUS,ITA,3,9,1982,1229.0
AUS,ITA,3,10,1982,1229.0
AUS,ITA,3,11,1982,1229.0
AUS,ITA,3,12,1982,1229.0
AUS,ITA,3,13,1982,770.974546630343
AUS,ITA,3,14,1982,1225.3797211898227
AUS,ITA,3,15,1982,1229.0
AUS,ITA,3,16,1982,1229.0
AUS,ITA,3,17,1982,1229.0
AUS,ITA,3,18,1982,1229.0
AUS,ITA,3,19,1982,1229.0
AUS,ITA,3,20,1982,1229.0
AUS,ITA,3,21,1982,1229.0
AUS,ITA,3,22,1982,492.675931599003
AUS,ITA,3,23,1982,-1081.0
AUS,ITA,3,24,1982,1229.0
AUS,SWI,1,1,1982,-1200.0
AUS,SWI,1,2,1982,-1200.0
AUS,SWI,1,3,1982,-1200.0
AUS,SWI,1,4,1982,-1200.0
AUS,SWI,1,5,1982,-1200.0
AUS,SWI,1,6,1982,-1200.0
AUS,SWI,1,7,1982,-1200.0
AUS,SWI,1,8,1982,-1200.0
AUS,SWI,1,9,1982,-1200.0
AUS,SWI,1,10,1982,-1200.0
AUS,SWI,1,11,1982,-1200.0
AUS,SWI,1,12,1982,-1200.0
AUS,SWI,1,13,1982,-1200.0
AUS,SWI,1,14,1982,-1200.0
AUS,SWI,1,15,1982,-1200.0
AUS,SWI,1,16,1982,-1200.0
AUS,SWI,1,17,1982,-1200.0
AUS,SWI,1,18,1982,-1200.0
AUS,SWI,1,19,1982,-383.9566577765254
AUS,SWI,1,20,1982,-1200.0
AUS,SWI,1,21,1982,-1200.0
AUS,SWI,1,22,1982,-1200.0
AUS,SWI,1,23,1982,-1200.0
AUS,SWI,1,24,1982,-1200.0
AUS,SWI,2,1,1982,-1200.0
AUS,SWI,2,2,1982,-871.8787358107812
AUS,SWI,2,3,1982,-1005.4541443018152
AUS,SWI,2,4,1982,61.352722769310276
AUS,SWI,2,5,1982,-210.98467169288233
AUS,SWI,2,6,1982,-1200.0
AUS,SWI,2,7,1982,-1200.0
AUS,SWI,2,8,1982,-781.6134089361458
AUS,SWI,2,9,1982,-94.15429539980687
AUS,SWI,2,10,1982,-1200.0
AUS,SWI,2,11,1982,-1200.0
AUS,SWI,2,12,1982,-1200.0
AUS,SWI,2,13,1982,-1200.0
AUS,SWI,2,14,1982,-1200.0
AUS,SWI,2,15,1982,-1200.0
AUS,SWI,2,16,1982,-1200.0
AUS,SWI,2,17,1982,-1200.0
AUS,SWI,2,18,1982,-1200.0
AUS,SWI,2,19,1982,-1200.0
AUS,SWI,2,20,1982,-868.9530803495854
AUS,SWI,2,21,1982,-1200.0
AUS,SWI,2,22,1982,-1200.0
AUS,SWI,2,23,1982,-1200.0
AUS,SWI,2,24,1982,-1200.0
AUS,SWI,3,1,1982,-1200.0
AUS,SWI,3,2,1982,-1200.0
AUS,SWI,3,3,1982,-1200.0
AUS,SWI,3,4,1982,-1200.0
AUS,SWI,3,5,1982,-1200.0
AUS,SWI,3,6,1982,-1200.0
AUS,SWI,3,7,1982,1200.0
AUS,SWI,3,8,1982,-1200.0
AUS,SWI,3,9,1982,-1200.0
AUS,SWI,3,10,1982,1200.0
AUS,SWI,3,11,1982,-1200.0
AUS,SWI,3,12,1982,-1200.0
AUS,SWI,3,13,1982,-1200.0
AUS,SWI,3,14,1982,-1200.0
AUS,SWI,3,15,1982,-1200.0
AUS,SWI,3,16,1982,-1200.0
AUS,SWI,3,17,1982,-1200.0
AUS,SWI,3,18,1982,-1200.0
AUS,SWI,3,19,1982,-1200.0
AUS,SWI,3,20,1982,962.3392080541662
AUS,SWI,3,21,1982,1200.0
AUS,SWI,3,22,1982,-1200.0
AUS,SWI,3,23,1982,1200.0
AUS,SWI,3,24,1982,-1200.0
BEL,FRA,1,1,1982,-2179.0175346207106
BEL,FRA,1,2,1982,-2015.3160331156805
BEL,FRA,1,3,1982,-1690.5199095751532
BEL,FRA,1,4,1982,-1576.8059172278163
BEL,FRA,1,5,1982,-1638.202452676299
BEL,FRA,1,6,1982,-4104.092893131418
BEL,FRA,1,7,1982,-4073.3393505521144
BEL,FRA,1,8,1982,-4300.0
BEL,FRA,1,9,1982,-4300.0
BEL,FRA,1,10,1982,-2947.4953330081134
BEL,FRA,1,11,1982,-4300.0
BEL,FRA,1,12,1982,-4300.0
BEL,FRA,1,13,1982,-4300.0
BEL,FRA,1,14,1982,-4300.0
BEL,FRA,1,15,1982,-4300.0
BEL,FRA,1,16,1982,-4300.0
BEL,FRA,1,17,1982,-4300.0
BEL,FRA,1,18,1982,-4300.0
BEL,FRA,1,19,1982,-3687.687755797754
BEL,FRA,1,20,1982,-4300.0
BEL,FRA,1,21,1982,-2579.708899660972
BEL,FRA,1,22,1982,-2441.686304736959
BEL,FRA,1,23,1982,-4300.0
BEL,FRA,1,24,1982,-2346.1472054529568
BEL,FRA,2,1,1982,-1774.9225699639255
BEL,FRA,2,2,1982,-4300.0
BEL,FRA,2,3,1982,2800.0
BEL,FRA,2,4,1982,-4300.0
BEL,FRA,2,5,1982,-4300.0
BEL,FRA,2,6,1982,-4300.0
BEL,FRA,2,7,1982,-4300.0
BEL,FRA,2,8,1982,-2026.2070445989175
BEL,FRA,2,9,1982,-1917.9336041393708
BEL,FRA,2,10,1982,-4300.0
BEL,FRA,2,11,1982,-4300.0
BEL,FRA,2,12,1982,-4300.0
BEL,FRA,2,13,1982,-4300.0
BEL,FRA,2,14,1982,-4300.0
BEL,FRA,2,15,1982,-4300.0
BEL,FRA,2,16,1982,-4300.0
BEL,FRA,2,17,1982,-4300.0
BEL,FRA,2,18,1982,-4229.297650351835
BEL,FRA,2,19,1982,-4194.075578197135
BEL,FRA,2,20,1982,-4300.0
BEL,FRA,2,21,1982,-2527.430835789306
BEL,FRA,2,22,1982,-4300.0
BEL,FRA,2,23,1982,-3048.5921237365374
BEL,FRA,2,24,1982,-3295.3969710302263
BEL,FRA,3,1,1982,1885.3874863153978
BEL,FRA,3,2,1982,2800.0
BEL,FRA,3,3,1982,2800.0
BEL,FRA,3,4,1982,2800.0
BEL,FRA,3,5,1982,2800.0
BEL,FRA,3,6,1982,2800.0
BEL,FRA,3,7,1982,2800.0
BEL,FRA,3,8,1982,2800.0
BEL,FRA,3,9,1982,2800.0
BEL,FRA,3,10,1982,2800.0
BEL,FRA,3,11,1982,2800.0
BEL,FRA,3,12,1982,2800.0
BEL,FRA,3,13,1982,2800.0
BEL,FRA,3,14,1982,2800.0
BEL,FRA,3,15,1982,2800.0
BEL,FRA,3,16,1982,2800.0
BEL,FRA,3,17,1982,2800.0
BEL,FRA,3,18,1982,2800.0
BEL,FRA,3,19,1982,2800.0
BEL,FRA,3,20,1982,2800.0
BEL,FRA,3,21,1982,2800.0
BEL,FRA,3,22,1982,2800.0
BEL,FRA,3,23,1982,2760.999227289678
BEL,FRA,3,24,1982,2800.0
BEL,GER,1,1,1982,2380.0
BEL,GER,1,2,1982,2380.0
BEL,GER,1,3,1982,2380.0
BEL,GER,1,4,1982,2380.0
BEL,GER,1,5,1982,2380.0
BEL,GER,1,6,1982,2380.0
BEL,GER,1,7,1982,2380.0
BEL,GER,1,8,1982,2380.0
BEL,GER,1,9,1982,2380.0
BEL,GER,1,10,1982,2380.0
BEL,GER,1,11,1982,2380.0
BEL,GER,1,12,1982,2380.0
BEL,GER,1,13,1982,2380.0
BEL,GER,1,14,1982,1745.015107202781
BEL,GER,1,15,1982,2380.0
BEL,GER,1,16,1982,2380.0
BEL,GER,1,17,1982,2380.0
BEL,GER,1,18,1982,2299.04520170083
BEL,GER,1,19,1982,2380.0
BEL,GER,1,20,1982,2380.0
BEL,GER,1,21,1982,2380.0
BEL,GER,1,22,1982,2380.0
BEL,GER,1,23,1982,2380.0
BEL,GER,1,24,1982,2380.0
BEL,GER,2,1,1982,2380.0
BEL,GER,2,2,1982,2380.0
BEL,GER,2,3,1982,-2000.0
BEL,GER,2,4,1982,1895.6553845484714
BEL,GER,2,5,1982,2380.0
BEL,GER,2,6,1982,1680.343440576934
BEL,GER,2,7,1982,2151.6226246585675
BEL,GER,2,8,1982,2380.0
BEL,GER,2,9,1982,2380.0
BEL,GER,2,10,1982,2380.0
BEL,GER,2,11,1982,2007.2944315319291
BEL,GER,2,12,1982,1427.7788176681488
BEL,GER,2,13,1982,1426.0409806004227
BEL,GER,2,14,1982,1881.8839163565908
BEL,GER,2,15,1982,2370.815591027884
BEL,GER,2,16,1982,2380.0
BEL,GER,2,17,1982,2380.0
BEL,GER,2,18,1982,2380.0
BEL,GER,2,19,1982,2380.0
BEL,GER,2,20,1982,2380.0
BEL,GER,2,21,1982,2380.0
BEL,GER,2,22,1982,2380.0
BEL,GER,2,23,1982,2380.0
BEL,GER,2,24,1982,2380.0
BEL,GER,3,1,1982,2380.0
BEL,GER,3,2,1982,548.1526313736067
BEL,GER,3,3,1982,2380.0
BEL,GER,3,4,1982,2380.0
BEL,GER,3,5,1982,2380.0
BEL,GER,3,6,1982,2380.0
BEL,GER,3,7,1982,2380.0
BEL,GER,3,8,1982,2380.0
BEL,GER,3,9,1982,2380.0
BEL,GER,3,10,1982,2380.0
BEL,GER,3,11,1982,2380.0
BEL,GER,3,12,1982,2380.0
BEL,GER,3,13,1982,2380.0
BEL,GER,3,14,1982,2380.0
BEL,GER,3,15,1982,2380.0
BEL,GER,3,16,1982,2380.0
BEL,GER,3,17,1982,2380.0
BEL,GER,3,18,1982,2380.0
BEL,GER,3,19,1982,2380.0
BEL,GER,3,20,1982,2380.0
BEL,GER,3,21,1982,2380.0
BEL,GER,3,22,1982,2380.0
BEL,GER,3,23,1982,2380.0
BEL,GER,3,24,1982,2380.0
BEL,NED,1,1,1982,2400.0
BEL,NED,1,2,1982,2400.0
BEL,NED,1,3,1982,2400.0
BEL,NED,1,4,1982,2400.0
BEL,NED,1,5,1982,2400.0
BEL,NED,1,6,1982,2400.0
BEL,NED,1,7,1982,2400.0
BEL,NED,1,8,1982,2400.0
BEL,NED,1,9,1982,2400.0
BEL,NED,1,10,1982,2400.0
BEL,NED,1,11,1982,2400.0
BEL,NED,1,12,1982,2388.4912841230926
BEL,NED,1,13,1982,1942.9586603204289
BEL,NED,1,14,1982,2400.0
BEL,NED,1,15,1982,1754.5136359532744
BEL,NED,1,16,1982,1735.8338594378702
BEL,NED,1,17,1982,1804.7481832224912
BEL,NED,1,18,1982,2400.0
BEL,NED,1,19,1982,2400.0
BEL,NED,1,20,1982,2400.0
BEL,NED,1,21,1982,2400.0
BEL,NED,1,22,1982,2400.0
BEL,NED,1,23,1982,2400.0
BEL,NED,1,24,1982,2400.0
BEL,NED,2,1,1982,2400.0
BEL,NED,2,2,1982,2400.0
BEL,NED,2,3,1982,1074.7212984208063
BEL,NED,2,4,1982,2400.0
BEL,NED,2,5,1982,2400.0
BEL,NED,2,6,1982,2400.0
BEL,NED,2,7,1982,2400.0
BEL,NED,2,8,1982,2400.0
BEL,NED,2,9,1982,2400.0
BEL,NED,2,10,1982,2400.0
BEL,NED,2,11,1982,2400.0
BEL,NED,2,12,1982,2400.0
BEL,NED,2,13,1982,2400.0
BEL,NED,2,14,1982,2400.0
BEL,NED,2,15,1982,2400.0
BEL,NED,2,16,1982,2400.0
BEL,NED,2,17,1982,2279.8393641953953
BEL,NED,2,18,1982,2400.0
BEL,NED,2,19,1982,2400.0
BEL,NED,2,20,1982,2400.0
BEL,NED,2,21,1982,2400.0
BEL,NED,2,22,1982,2400.0
BEL,NED,2,23,1982,2400.0
BEL,NED,2,24,1982,2400.0
BEL,NED,3,1,1982,2357.5514524718856
BEL,NED,3,2,1982,1486.3677130974793
BEL,NED,3,3,1982,12.22915140828809
BEL,NED,3,4,1982,240.63462520379107
BEL,NED,3,5,1982,303.13224199069737
BEL,NED,3,6,1982,51.848683240375976
BEL,NED,3,7,1982,79.28956794057012
BEL,NED,3,8,1982,519.3538926031906
BEL,NED,3,9,1982,1136.3820809497938
BEL,NED,3,10,1982,1301.1397401472805
BEL,NED,3,11,1982,1393.3486533918567
BEL,NED,3,12,1982,1593.4224562562595
BEL,NED,3,13,1982,1539.1563294917396
BEL,NED,3,14,1982,1503.7664195524667
BEL,NED,3,15,1982,1510.4563299894708
BEL,NED,3,16,1982,1356.001682595288
BEL,NED,3,17,1982,992.4985772857981
BEL,NED,3,18,1982,1134.4619618218348
BEL,NED,3,19,1982,1630.5729071654732
BEL,NED,3,20,1982,1849.7759014180028
BEL,NED,3,21,1982,1799.8543824040953
BEL,NED,3,22,1982,1478.025369353245
BEL,NED,3,23,1982,1007.1792568772853
BEL,NED,3,24,1982,1048.3679673079187
BEL,UKI,1,1,1982,-1000.0
BEL,UKI,1,2,1982,-1000.0
BEL,UKI,1,3,1982,-1000.0
BEL,UKI,1,4,1982,-1000.0
BEL,UKI,1,5,1982,-1000.0
BEL,UKI,1,6,1982,1000.0
BEL,UKI,1,7,1982,536.4044980934068
BEL,UKI,1,8,1982,648.4822519146937
BEL,UKI,1,9,1982,605.8851841684918
BEL,UKI,1,10,1982,-1000.0
BEL,UKI,1,11,1982,-518.077112789917
BEL,UKI,1,12,1982,-1000.0
BEL,UKI,1,13,1982,-1000.0
BEL,UKI,1,14,1982,-1000.0
BEL,UKI,1,15,1982,-1000.0
BEL,UKI,1,16,1982,-1000.0
BEL,UKI,1,17,1982,-1000.0
BEL,UKI,1,18,1982,-1000.0
BEL,UKI,1,19,1982,-1000.0
BEL,UKI,1,20,1982,212.04958859082944
BEL,UKI,1,21,1982,-1000.0
BEL,UKI,1,22,1982,-1000.0
BEL,UKI,1,23,1982,744.0656479572626
BEL,UKI,1,24,1982,-1000.0
BEL,UKI,2,1,1982,-1000.0
BEL,UKI,2,2,1982,740.8294528980914
BEL,UKI,2,3,1982,-1000.0
BEL,UKI,2,4,1982,1000.0
BEL,UKI,2,5,1982,338.44567484238905
BEL,UKI,2,6,1982,1000.0
BEL,UKI,2,7,1982,1000.0
BEL,UKI,2,8,1982,-1000.0
BEL,UKI,2,9,1982,-1000.0
BEL,UKI,2,10,1982,802.9390069494293
BEL,UKI,2,11,1982,-1000.0
BEL,UKI,2,12,1982,-1000.0
BEL,UKI,2,13,1982,-1000.0
BEL,UKI,2,14,1982,-1000.0
BEL,UKI,2,15,1982,-999.9999999999974
BEL,UKI,2,16,1982,-794.1560676535
BEL,UKI,2,17,1982,-1000.0
BEL,UKI,2,18,1982,-1000.0
BEL,UKI,2,19,1982,-533.9943775179454
BEL,UKI,2,20,1982,127.77437540782557
BEL,UKI,2,21,1982,-1000.0
BEL,UKI,2,22,1982,798.6933829815734
BEL,UKI,2,23,1982,-1000.0
BEL,UKI,2,24,1982,-1000.0
BEL,UKI,3,1,1982,-1000.0
BEL,UKI,3,2,1982,1000.0
BEL,UKI,3,3,1982,1000.0
BEL,UKI,3,4,1982,1000.0
BEL,UKI,3,5,1982,1000.0
BEL,UKI,3,6,1982,1000.0
BEL,UKI,3,7,1982,1000.0
BEL,UKI,3,8,1982,1000.0
BEL,UKI,3,9,1982,1000.0
BEL,UKI,3,10,1982,1000.0
BEL,UKI,3,11,1982,1000.0
BEL,UKI,3,12,1982,1000.0
BEL,UKI,3,13,1982,1000.0
BEL,UKI,3,14,1982,1000.0
BEL,UKI,3,15,1982,1000.0
BEL,UKI,3,16,1982,1000.0
BEL,UKI,3,17,1982,1000.0
BEL,UKI,3,18,1982,1000.0
BEL,UKI,3,19,1982,1000.0
BEL,UKI,3,20,1982,1000.0
BEL,UKI,3,21,1982,1000.0
BEL,UKI,3,22,1982,1000.0
BEL,UKI,3,23,1982,1000.0
BEL,UKI,3,24,1982,1000.0
BLK,ITA,1,1,1982,-1741.0
BLK,ITA,1,2,1982,-998.154032426565
BLK,ITA,1,3,1982,-1145.913900881657
BLK,ITA,1,4,1982,1625.0
BLK,ITA,1,5,1982,1137.2091128962666
BLK,ITA,1,6,1982,1625.0
BLK,ITA,1,7,1982,1625.0
BLK,ITA,1,8,1982,1625.0
BLK,ITA,1,9,1982,1625.0
BLK,ITA,1,10,1982,1625.0
BLK,ITA,1,11,1982,578.4100349745167
BLK,ITA,1,12,1982,1622.6094471781435
BLK,ITA,1,13,1982,944.5708983713594
BLK,ITA,1,14,1982,-175.14288181990287
BLK,ITA,1,15,1982,1625.0
BLK,ITA,1,16,1982,1625.0
BLK,ITA,1,17,1982,1482.7060672907064
BLK,ITA,1,18,1982,1625.0
BLK,ITA,1,19,1982,1625.0
BLK,ITA,1,20,1982,1625.0
BLK,ITA,1,21,1982,1625.0
BLK,ITA,1,22,1982,1625.0
BLK,ITA,1,23,1982,1473.757333344538
BLK,ITA,1,24,1982,1625.0
BLK,ITA,2,1,1982,-1140.271170133372
BLK,ITA,2,2,1982,-1268.95858315039
BLK,ITA,2,3,1982,-609.7337130159722
BLK,ITA,2,4,1982,-218.74390116578434
BLK,ITA,2,5,1982,-1398.531002872809
BLK,ITA,2,6,1982,-1741.0
BLK,ITA,2,7,1982,-1741.0
BLK,ITA,2,8,1982,-1741.0
BLK,ITA,2,9,1982,267.0841645072769
BLK,ITA,2,10,1982,-1741.0
BLK,ITA,2,11,1982,-402.4210195397493
BLK,ITA,2,12,1982,-1148.7675477275625
BLK,ITA,2,13,1982,1625.0
BLK,ITA,2,14,1982,383.59099313959814
BLK,ITA,2,15,1982,429.5667153292743
BLK,ITA,2,16,1982,-128.34842576567826
BLK,ITA,2,17,1982,-567.9292877315957
BLK,ITA,2,18,1982,1625.0
BLK,ITA,2,19,1982,1625.0
BLK,ITA,2,20,1982,-145.04189065941887
BLK,ITA,2,21,1982,-1741.0
BLK,ITA,2,22,1982,-1741.0
BLK,ITA,2,23,1982,1625.0
BLK,ITA,2,24,1982,1625.0
BLK,ITA,3,1,1982,1145.3344304318744
BLK,ITA,3,2,1982,-547.8145410235699
BLK,ITA,3,3,1982,1625.0
BLK,ITA,3,4,1982,1625.0
BLK,ITA,3,5,1982,1625.0
BLK,ITA,3,6,1982,1625.0
BLK,ITA,3,7,1982,1625.0
BLK,ITA,3,8,1982,1625.0
BLK,ITA,3,9,1982,1625.0
BLK,ITA,3,10,1982,1625.0
BLK,ITA,3,11,1982,1625.0
BLK,ITA,3,12,1982,1625.0
BLK,ITA,3,13,1982,1625.0
BLK,ITA,3,14,1982,1625.0
BLK,ITA,3,15,1982,1625.0
BLK,ITA,3,16,1982,1625.0
BLK,ITA,3,17,1982,632.6186468295236
BLK,ITA,3,18,1982,-381.18475956258044
BLK,ITA,3,19,1982,-326.45010469240697
BLK,ITA,3,20,1982,411.81720492598106
BLK,ITA,3,21,1982,1625.0
BLK,ITA,3,22,1982,272.04436480681557
BLK,ITA,3,23,1982,616.9884821186014
BLK,ITA,3,24,1982,-1741.0
BLK,SKO,1,1,1982,1800.0
BLK,SKO,1,2,1982,1800.0
BLK,SKO,1,3,1982,1800.0
BLK,SKO,1,4,1982,1397.8785481092746
BLK,SKO,1,5,1982,1800.0
BLK,SKO,1,6,1982,1800.0
BLK,SKO,1,7,1982,1800.0
BLK,SKO,1,8,1982,1800.0
BLK,SKO,1,9,1982,1800.0
BLK,SKO,1,10,1982,1800.0
BLK,SKO,1,11,1982,1800.0
BLK,SKO,1,12,1982,1800.0
BLK,SKO,1,13,1982,1800.0
BLK,SKO,1,14,1982,1800.0
BLK,SKO,1,15,1982,1800.0
BLK,SKO,1,16,1982,1800.0
BLK,SKO,1,17,1982,1800.0
BLK,SKO,1,18,1982,1800.0
BLK,SKO,1,19,1982,1800.0
BLK,SKO,1,20,1982,1800.0
BLK,SKO,1,21,1982,1800.0
BLK,SKO,1,22,1982,1800.0
BLK,SKO,1,23,1982,1800.0
BLK,SKO,1,24,1982,1800.0
BLK,SKO,2,1,1982,890.3060051062887
BLK,SKO,2,2,1982,1800.0
BLK,SKO,2,3,1982,1800.0
BLK,SKO,2,4,1982,1800.0
BLK,SKO,2,5,1982,1800.0
BLK,SKO,2,6,1982,1800.0
BLK,SKO,2,7,1982,1800.0
BLK,SKO,2,8,1982,1800.0
BLK,SKO,2,9,1982,1786.8208038264593
BLK,SKO,2,10,1982,1800.0
BLK,SKO,2,11,1982,1222.6604594084774
BLK,SKO,2,12,1982,1800.0
BLK,SKO,2,13,1982,1051.8993665639864
BLK,SKO,2,14,1982,1800.0
BLK,SKO,2,15,1982,1800.0
BLK,SKO,2,16,1982,1800.0
BLK,SKO,2,17,1982,470.7404777125362
BLK,SKO,2,18,1982,-162.37758365148
BLK,SKO,2,19,1982,284.72003054570814
BLK,SKO,2,20,1982,-332.2744150876582
BLK,SKO,2,21,1982,192.4501539396988
BLK,SKO,2,22,1982,1800.0
BLK,SKO,2,23,1982,949.3917550690167
BLK,SKO,2,24,1982,1800.0
BLK,SKO,3,1,1982,1800.0
BLK,SKO,3,2,1982,1800.0
BLK,SKO,3,3,1982,1800.0
BLK,SKO,3,4,1982,1800.0
BLK,SKO,3,5,1982,1800.0
BLK,SKO,3,6,1982,1800.0
BLK,SKO,3,7,1982,-493.11120062271766
BLK,SKO,3,8,1982,-590.8770333992554
BLK,SKO,3,9,1982,-1775.8247521144285
BLK,SKO,3,10,1982,-2600.0
BLK,SKO,3,11,1982,-2600.0
BLK,SKO,3,12,1982,-2600.0
BLK,SKO,3,13,1982,-2178.7748266384506
BLK,SKO,3,14,1982,-2600.0
BLK,SKO,3,15,1982,-2600.0
BLK,SKO,3,16,1982,-2600.0
BLK,SKO,3,17,1982,-2600.0
BLK,SKO,3,18,1982,-2600.0
BLK,SKO,3,19,1982,-2600.0
BLK,SKO,3,20,1982,-2600.0
BLK,SKO,3,21,1982,-2600.0
BLK,SKO,3,22,1982,-2065.6382971965845
BLK,SKO,3,23,1982,314.46775677274843
BLK,SKO,3,24,1982,1800.0
BLT,FIN,1,1,1982,-1016.0
BLT,FIN,1,2,1982,-1016.0
BLT,FIN,1,3,1982,-1016.0
BLT,FIN,1,4,1982,-1016.0
BLT,FIN,1,5,1982,-1011.7974218352647
BLT,FIN,1,6,1982,-1016.0
BLT,FIN,1,7,1982,-1016.0
BLT,FIN,1,8,1982,-1016.0
BLT,FIN,1,9,1982,-1016.0
BLT,FIN,1,10,1982,-1016.0
BLT,FIN,1,11,1982,-1016.0
BLT,FIN,1,12,1982,-1015.9999999999945
BLT,FIN,1,13,1982,-1016.0
BLT,FIN,1,14,1982,-1016.0
BLT,FIN,1,15,1982,-1016.0
BLT,FIN,1,16,1982,-1016.0
BLT,FIN,1,17,1982,-944.9884245983922
BLT,FIN,1,18,1982,-1016.0
BLT,FIN,1,19,1982,-719.2594359659506
BLT,FIN,1,20,1982,-1015.9999999999965
BLT,FIN,1,21,1982,-926.388482664219
BLT,FIN,1,22,1982,-922.7029711426785
BLT,FIN,1,23,1982,-1016.0
BLT,FIN,1,24,1982,-1016.0
BLT,FIN,2,1,1982,1016.0
BLT,FIN,2,2,1982,122.95101143819193
BLT,FIN,2,3,1982,134.9013085074239
BLT,FIN,2,4,1982,-1016.0
BLT,FIN,2,5,1982,-1016.0
BLT,FIN,2,6,1982,1016.0
BLT,FIN,2,7,1982,-1016.0
BLT,FIN,2,8,1982,1016.0
BLT,FIN,2,9,1982,1016.0
BLT,FIN,2,10,1982,1016.0
BLT,FIN,2,11,1982,-1016.0
BLT,FIN,2,12,1982,-1016.0
BLT,FIN,2,13,1982,-1016.0
BLT,FIN,2,14,1982,-1016.0
BLT,FIN,2,15,1982,-1016.0
BLT,FIN,2,16,1982,-1016.0
BLT,FIN,2,17,1982,-1016.0
BLT,FIN,2,18,1982,-1016.0
BLT,FIN,2,19,1982,-1016.0
BLT,FIN,2,20,1982,-1016.0
BLT,FIN,2,21,1982,-1016.0
BLT,FIN,2,22,1982,-1016.0
BLT,FIN,2,23,1982,418.63281321026716
BLT,FIN,2,24,1982,444.68530111517657
BLT,FIN,3,1,1982,-554.4205779566214
BLT,FIN,3,2,1982,-87.92566896961398
BLT,FIN,3,3,1982,52.85328303571259
BLT,FIN,3,4,1982,317.2252292728044
BLT,FIN,3,5,1982,696.4089010250191
BLT,FIN,3,6,1982,861.9423230325774
BLT,FIN,3,7,1982,868.3976674381956
BLT,FIN,3,8,1982,-559.3304979245781
BLT,FIN,3,9,1982,-510.10699939931555
BLT,FIN,3,10,1982,675.5596322857473
BLT,FIN,3,11,1982,81.620692197077
BLT,FIN,3,12,1982,384.2880593275004
BLT,FIN,3,13,1982,-590.7618922643401
BLT,FIN,3,14,1982,-680.1909556503133
BLT,FIN,3,15,1982,659.1417139443843
BLT,FIN,3,16,1982,595.7022156273956
BLT,FIN,3,17,1982,557.7957002984235
BLT,FIN,3,18,1982,563.9649917849479
BLT,FIN,3,19,1982,638.8537967030261
BLT,FIN,3,20,1982,699.8598898278374
BLT,FIN,3,21,1982,-583.3353811176421
BLT,FIN,3,22,1982,-461.6028169777742
BLT,FIN,3,23,1982,-297.0966294966829
BLT,FIN,3,24,1982,-247.94606215345675
BLT,POL,1,1,1982,700.0
BLT,POL,1,2,1982,700.0
BLT,POL,1,3,1982,700.0
BLT,POL,1,4,1982,700.0
BLT,POL,1,5,1982,700.0
BLT,POL,1,6,1982,700.0
BLT,POL,1,7,1982,648.992777628805
BLT,POL,1,8,1982,489.3684966493404
BLT,POL,1,9,1982,496.0074989007694
BLT,POL,1,10,1982,490.9700361137186
BLT,POL,1,11,1982,698.1849860374604
BLT,POL,1,12,1982,695.0182231623301
BLT,POL,1,13,1982,700.0
BLT,POL,1,14,1982,699.0048780544778
BLT,POL,1,15,1982,699.3346291605515
BLT,POL,1,16,1982,670.9145765040255
BLT,POL,1,17,1982,538.8435508926175
BLT,POL,1,18,1982,-466.68383259646816
BLT,POL,1,19,1982,-388.52001246786585
BLT,POL,1,20,1982,678.5157041372373
BLT,POL,1,21,1982,700.0
BLT,POL,1,22,1982,700.0
BLT,POL,1,23,1982,700.0
BLT,POL,1,24,1982,700.0
BLT,POL,2,1,1982,-700.0
BLT,POL,2,2,1982,700.0
BLT,POL,2,3,1982,700.0
BLT,POL,2,4,1982,700.0
BLT,POL,2,5,1982,700.0
BLT,POL,2,6,1982,180.9979140489104
BLT,POL,2,7,1982,-700.0
BLT,POL,2,8,1982,-700.0
BLT,POL,2,9,1982,-700.0
BLT,POL,2,10,1982,-700.0
BLT,POL,2,11,1982,-700.0
BLT,POL,2,12,1982,700.0
BLT,POL,2,13,1982,-700.0
BLT,POL,2,14,1982,700.0
BLT,POL,2,15,1982,700.0
BLT,POL,2,16,1982,-700.0
BLT,POL,2,17,1982,700.0
BLT,POL,2,18,1982,700.0
BLT,POL,2,19,1982,700.0
BLT,POL,2,20,1982,-700.0
BLT,POL,2,21,1982,700.0
BLT,POL,2,22,1982,-700.0
BLT,POL,2,23,1982,700.0
BLT,POL,2,24,1982,700.0
BLT,POL,3,1,1982,-700.0
BLT,POL,3,2,1982,-700.0
BLT,POL,3,3,1982,-700.0
BLT,POL,3,4,1982,-700.0
BLT,POL,3,5,1982,-700.0
BLT,POL,3,6,1982,-700.0
BLT,POL,3,7,1982,-700.0
BLT,POL,3,8,1982,-700.0
BLT,POL,3,9,1982,-700.0
BLT,POL,3,10,1982,-700.0
BLT,POL,3,11,1982,-700.0
BLT,POL,3,12,1982,-700.0
BLT,POL,3,13,1982,-700.0
BLT,POL,3,14,1982,-700.0
BLT,POL,3,15,1982,-700.0
BLT,POL,3,16,1982,-700.0
BLT,POL,3,17,1982,-700.0
BLT,POL,3,18,1982,-700.0
BLT,POL,3,19,1982,-700.0
BLT,POL,3,20,1982,-700.0
BLT,POL,3,21,1982,-700.0
BLT,POL,3,22,1982,-700.0
BLT,POL,3,23,1982,-700.0
BLT,POL,3,24,1982,-700.0
BLT,SWE,1,1,1982,148.18651982803704
BLT,SWE,1,2,1982,102.81158464771397
BLT,SWE,1,3,1982,18.846347643929448
BLT,SWE,1,4,1982,-30.542026802289456
BLT,SWE,1,5,1982,-173.78809706336574
BLT,SWE,1,6,1982,-443.0283917323968
BLT,SWE,1,7,1982,-700.0
BLT,SWE,1,8,1982,-700.0
BLT,SWE,1,9,1982,-700.0
BLT,SWE,1,10,1982,-659.8114825711054
BLT,SWE,1,11,1982,-699.999999999989
BLT,SWE,1,12,1982,-700.0
BLT,SWE,1,13,1982,-696.4750461971887
BLT,SWE,1,14,1982,-700.0
BLT,SWE,1,15,1982,-700.0
BLT,SWE,1,16,1982,-700.0
BLT,SWE,1,17,1982,-700.0
BLT,SWE,1,18,1982,366.6683228496313
BLT,SWE,1,19,1982,36.246071298297466
BLT,SWE,1,20,1982,-700.0
BLT,SWE,1,21,1982,-700.0
BLT,SWE,1,22,1982,-522.0130897691972
BLT,SWE,1,23,1982,-113.24910273880596
BLT,SWE,1,24,1982,-81.62680122478605
BLT,SWE,2,1,1982,700.0
BLT,SWE,2,2,1982,700.0
BLT,SWE,2,3,1982,700.0
BLT,SWE,2,4,1982,-700.0
BLT,SWE,2,5,1982,700.0
BLT,SWE,2,6,1982,700.0
BLT,SWE,2,7,1982,700.0
BLT,SWE,2,8,1982,700.0
BLT,SWE,2,9,1982,700.0
BLT,SWE,2,10,1982,700.0
BLT,SWE,2,11,1982,700.0
BLT,SWE,2,12,1982,700.0
BLT,SWE,2,13,1982,700.0
BLT,SWE,2,14,1982,700.0
BLT,SWE,2,15,1982,700.0
BLT,SWE,2,16,1982,700.0
BLT,SWE,2,17,1982,700.0
BLT,SWE,2,18,1982,700.0
BLT,SWE,2,19,1982,700.0
BLT,SWE,2,20,1982,700.0
BLT,SWE,2,21,1982,700.0
BLT,SWE,2,22,1982,700.0
BLT,SWE,2,23,1982,700.0
BLT,SWE,2,24,1982,700.0
BLT,SWE,3,1,1982,700.0
BLT,SWE,3,2,1982,278.3444263316842
BLT,SWE,3,3,1982,217.66524184998661
BLT,SWE,3,4,1982,67.83880117959143
BLT,SWE,3,5,1982,-287.03954279543086
BLT,SWE,3,6,1982,-539.6001813235325
BLT,SWE,3,7,1982,-671.8294227269471
BLT,SWE,3,8,1982,700.0
BLT,SWE,3,9,1982,700.0
BLT,SWE,3,10,1982,-506.9494423253059
BLT,SWE,3,11,1982,187.00542146850057
BLT,SWE,3,12,1982,-212.32217512313173
BLT,SWE,3,13,1982,700.0
BLT,SWE,3,14,1982,700.0
BLT,SWE,3,15,1982,-700.0
BLT,SWE,3,16,1982,-700.0
BLT,SWE,3,17,1982,-700.0
BLT,SWE,3,18,1982,-700.0
BLT,SWE,3,19,1982,-700.0
BLT,SWE,3,20,1982,-700.0
BLT,SWE,3,21,1982,700.0
BLT,SWE,3,22,1982,700.0
BLT,SWE,3,23,1982,700.0
BLT,SWE,3,24,1982,700.0
CZE,GER,1,1,1982,2600.0
CZE,GER,1,2,1982,2600.0
CZE,GER,1,3,1982,2600.0
CZE,GER,1,4,1982,2600.0
CZE,GER,1,5,1982,2600.0
CZE,GER,1,6,1982,2600.0
CZE,GER,1,7,1982,2600.0
CZE,GER,1,8,1982,2600.0
CZE,GER,1,9,1982,2600.0
CZE,GER,1,10,1982,2600.0
CZE,GER,1,11,1982,2600.0
CZE,GER,1,12,1982,2600.0
CZE,GER,1,13,1982,2600.0
CZE,GER,1,14,1982,2600.0
CZE,GER,1,15,1982,2600.0
CZE,GER,1,16,1982,2532.991403809656
CZE,GER,1,17,1982,2600.0
CZE,GER,1,18,1982,2600.0
CZE,GER,1,19,1982,2600.0
CZE,GER,1,20,1982,2600.0
CZE,GER,1,21,1982,2600.0
CZE,GER,1,22,1982,2600.0
CZE,GER,1,23,1982,2600.0
CZE,GER,1,24,1982,2600.0
CZE,GER,2,1,1982,-2000.0
CZE,GER,2,2,1982,-2000.0
CZE,GER,2,3,1982,-903.2078932516504
CZE,GER,2,4,1982,-2000.0
CZE,GER,2,5,1982,-2000.0
CZE,GER,2,6,1982,-1197.294049493604
CZE,GER,2,7,1982,-159.48662928188924
CZE,GER,2,8,1982,2600.0
CZE,GER,2,9,1982,2600.0
CZE,GER,2,10,1982,2600.0
CZE,GER,2,11,1982,2600.0
CZE,GER,2,12,1982,2600.0
CZE,GER,2,13,1982,2600.0
CZE,GER,2,14,1982,2600.0
CZE,GER,2,15,1982,2600.0
CZE,GER,2,16,1982,2600.0
CZE,GER,2,17,1982,2600.0
CZE,GER,2,18,1982,2600.0
CZE,GER,2,19,1982,2600.0
CZE,GER,2,20,1982,2600.0
CZE,GER,2,21,1982,2600.0
CZE,GER,2,22,1982,2600.0
CZE,GER,2,23,1982,2600.0
CZE,GER,2,24,1982,2600.0
CZE,GER,3,1,1982,-2000.0
CZE,GER,3,2,1982,-2000.0
CZE,GER,3,3,1982,-1006.759638214389
CZE,GER,3,4,1982,-1237.2459083549322
CZE,GER,3,5,1982,113.61770805549304
CZE,GER,3,6,1982,1178.6576050652266
CZE,GER,3,7,1982,690.3073041303087
CZE,GER,3,8,1982,2600.0
CZE,GER,3,9,1982,2600.0
CZE,GER,3,10,1982,1268.9087905567467
CZE,GER,3,11,1982,2600.0
CZE,GER,3,12,1982,2600.0
CZE,GER,3,13,1982,2600.0
CZE,GER,3,14,1982,1908.353209374739
CZE,GER,3,15,1982,2600.0
CZE,GER,3,16,1982,1580.7134738296195
CZE,GER,3,17,1982,2600.0
CZE,GER,3,18,1982,1983.0416523264057
CZE,GER,3,19,1982,1946.6652460407013
CZE,GER,3,20,1982,1740.7891920968277
CZE,GER,3,21,1982,411.4618677606095
CZE,GER,3,22,1982,-2000.0
CZE,GER,3,23,1982,-2000.0
CZE,GER,3,24,1982,-966.9154103612193
CZE,SKO,1,1,1982,-951.3580725527272
CZE,SKO,1,2,1982,-1600.0
CZE,SKO,1,3,1982,-1342.3817452665294
CZE,SKO,1,4,1982,-1575.9619192373948
CZE,SKO,1,5,1982,-1600.0
CZE,SKO,1,6,1982,-1168.213088910628
CZE,SKO,1,7,1982,-1600.0
CZE,SKO,1,8,1982,-1413.0889263841018
CZE,SKO,1,9,1982,-1559.21996677875
CZE,SKO,1,10,1982,-1555.125536254874
CZE,SKO,1,11,1982,-1586.6667689937367
CZE,SKO,1,12,1982,-1524.9323409689978
CZE,SKO,1,13,1982,-1522.6753390080175
CZE,SKO,1,14,1982,-1556.947073403382
CZE,SKO,1,15,1982,-1561.6722962556191
CZE,SKO,1,16,1982,-1541.0713042882917
CZE,SKO,1,17,1982,-1600.0
CZE,SKO,1,18,1982,-1442.98625468069
CZE,SKO,1,19,1982,-1451.1488397612698
CZE,SKO,1,20,1982,-1371.6932080773731
CZE,SKO,1,21,1982,-1124.6434803303382
CZE,SKO,1,22,1982,-910.0359186863152
CZE,SKO,1,23,1982,-1060.1643461028702
CZE,SKO,1,24,1982,-520.0041911755652
CZE,SKO,2,1,1982,255.5135221859041
CZE,SKO,2,2,1982,-709.8780674331231
CZE,SKO,2,3,1982,-776.3060157786697
CZE,SKO,2,4,1982,-820.1560321385596
CZE,SKO,2,5,1982,-826.7435817057753
CZE,SKO,2,6,1982,-801.0079121816323
CZE,SKO,2,7,1982,-692.5512505475663
CZE,SKO,2,8,1982,-1197.7259796664102
CZE,SKO,2,9,1982,-556.6670031716167
CZE,SKO,2,10,1982,-1115.5488762047266
CZE,SKO,2,11,1982,64.65319309633833
CZE,SKO,2,12,1982,-487.0689737716748
CZE,SKO,2,13,1982,-338.8268186791055
CZE,SKO,2,14,1982,-1116.475927684216
CZE,SKO,2,15,1982,-526.535412488709
CZE,SKO,2,16,1982,-500.9687119302539
CZE,SKO,2,17,1982,894.0062007104034
CZE,SKO,2,18,1982,968.0713371837519
CZE,SKO,2,19,1982,-83.11926739243677
CZE,SKO,2,20,1982,1126.6548561599366
CZE,SKO,2,21,1982,1170.868435962957
CZE,SKO,2,22,1982,-491.5213707411117
CZE,SKO,2,23,1982,297.59390431813927
CZE,SKO,2,24,1982,-612.823814282196
CZE,SKO,3,1,1982,-633.7697120378443
CZE,SKO,3,2,1982,-693.4661228364434
CZE,SKO,3,3,1982,-761.4660829305801
CZE,SKO,3,4,1982,-791.8718791569954
CZE,SKO,3,5,1982,-770.643311204454
CZE,SKO,3,6,1982,-678.4841182829384
CZE,SKO,3,7,1982,1184.7254146027253
CZE,SKO,3,8,1982,767.9533841401626
CZE,SKO,3,9,1982,1383.0820678454975
CZE,SKO,3,10,1982,1952.0
CZE,SKO,3,11,1982,1952.0
CZE,SKO,3,12,1982,1379.1268857107043
CZE,SKO,3,13,1982,651.7502046384834
CZE,SKO,3,14,1982,1359.103280331411
CZE,SKO,3,15,1982,1952.0
CZE,SKO,3,16,1982,1376.6559221399903
CZE,SKO,3,17,1982,1107.454584998567
CZE,SKO,3,18,1982,1263.1447329937655
CZE,SKO,3,19,1982,1376.5622447793548
CZE,SKO,3,20,1982,1952.0
CZE,SKO,3,21,1982,1952.0
CZE,SKO,3,22,1982,1952.0
CZE,SKO,3,23,1982,105.23964793624646
CZE,SKO,3,24,1982,-842.1225129707489
DEN,NED,1,1,1982,660.0
DEN,NED,1,2,1982,660.0
DEN,NED,1,3,1982,-660.0
DEN,NED,1,4,1982,-660.0
DEN,NED,1,5,1982,660.0
DEN,NED,1,6,1982,-660.0
DEN,NED,1,7,1982,-660.0
DEN,NED,1,8,1982,660.0
DEN,NED,1,9,1982,660.0
DEN,NED,1,10,1982,-660.0
DEN,NED,1,11,1982,660.0
DEN,NED,1,12,1982,660.0
DEN,NED,1,13,1982,-660.0
DEN,NED,1,14,1982,660.0
DEN,NED,1,15,1982,-660.0
DEN,NED,1,16,1982,-499.589199086543
DEN,NED,1,17,1982,115.18856438158764
DEN,NED,1,18,1982,660.0
DEN,NED,1,19,1982,531.4727202061349
DEN,NED,1,20,1982,-660.0
DEN,NED,1,21,1982,-660.0
DEN,NED,1,22,1982,-660.0
DEN,NED,1,23,1982,660.0
DEN,NED,1,24,1982,-660.0
DEN,NED,2,1,1982,-660.0
DEN,NED,2,2,1982,660.0
DEN,NED,2,3,1982,-660.0
DEN,NED,2,4,1982,660.0
DEN,NED,2,5,1982,-660.0
DEN,NED,2,6,1982,-660.0
DEN,NED,2,7,1982,-660.0
DEN,NED,2,8,1982,-660.0
DEN,NED,2,9,1982,-660.0
DEN,NED,2,10,1982,-660.0
DEN,NED,2,11,1982,-660.0
DEN,NED,2,12,1982,-660.0
DEN,NED,2,13,1982,-660.0
DEN,NED,2,14,1982,-660.0
DEN,NED,2,15,1982,660.0
DEN,NED,2,16,1982,660.0
DEN,NED,2,17,1982,660.0
DEN,NED,2,18,1982,660.0
DEN,NED,2,19,1982,660.0
DEN,NED,2,20,1982,-660.0
DEN,NED,2,21,1982,-660.0
DEN,NED,2,22,1982,-660.0
DEN,NED,2,23,1982,-131.46023058182436
DEN,NED,2,24,1982,660.0
DEN,NED,3,1,1982,-660.0
DEN,NED,3,2,1982,-660.0
DEN,NED,3,3,1982,-660.0
DEN,NED,3,4,1982,-660.0
DEN,NED,3,5,1982,-660.0
DEN,NED,3,6,1982,-660.0
DEN,NED,3,7,1982,-660.0
DEN,NED,3,8,1982,-660.0
DEN,NED,3,9,1982,-660.0
DEN,NED,3,10,1982,-660.0
DEN,NED,3,11,1982,-660.0
DEN,NED,3,12,1982,-660.0
DEN,NED,3,13,1982,-660.0
DEN,NED,3,14,1982,-660.0
DEN,NED,3,15,1982,-660.0
DEN,NED,3,16,1982,-660.0
DEN,NED,3,17,1982,-660.0
DEN,NED,3,18,1982,-660.0
DEN,NED,3,19,1982,-660.0
DEN,NED,3,20,1982,-629.8885149203325
DEN,NED,3,21,1982,-660.0
DEN,NED,3,22,1982,-660.0
DEN,NED,3,23,1982,-651.4235287277679
DEN,NED,3,24,1982,-660.0
DEN,NOR,1,1,1982,-1538.0
DEN,NOR,1,2,1982,-1538.0
DEN,NOR,1,3,1982,-1538.0
DEN,NOR,1,4,1982,-1538.0
DEN,NOR,1,5,1982,-1538.0
DEN,NOR,1,6,1982,-1538.0
DEN,NOR,1,7,1982,-1538.0
DEN,NOR,1,8,1982,-1538.0
DEN,NOR,1,9,1982,-1538.0
DEN,NOR,1,10,1982,-1538.0
DEN,NOR,1,11,1982,96.74718939020477
DEN,NOR,1,12,1982,-1538.0
DEN,NOR,1,13,1982,-1538.0
DEN,NOR,1,14,1982,-1538.0
DEN,NOR,1,15,1982,-1538.0
DEN,NOR,1,16,1982,-1538.0
DEN,NOR,1,17,1982,-1538.0
DEN,NOR,1,18,1982,-1538.0
DEN,NOR,1,19,1982,-1538.0
DEN,NOR,1,20,1982,-1538.0
DEN,NOR,1,21,1982,-1538.0
DEN,NOR,1,22,1982,-1538.0
DEN,NOR,1,23,1982,-1538.0
DEN,NOR,1,24,1982,-1538.0
DEN,NOR,2,1,1982,-1538.0
DEN,NOR,2,2,1982,-1538.0
DEN,NOR,2,3,1982,-1538.0
DEN,NOR,2,4,1982,-1538.0
DEN,NOR,2,5,1982,-1538.0
DEN,NOR,2,6,1982,-1538.0
DEN,NOR,2,7,1982,-1538.0
DEN,NOR,2,8,1982,-1538.0
DEN,NOR,2,9,1982,-1538.0
DEN,NOR,2,10,1982,-1538.0
DEN,NOR,2,11,1982,-1538.0
DEN,NOR,2,12,1982,-1538.0
DEN,NOR,2,13,1982,-1538.0
DEN,NOR,2,14,1982,-1538.0
DEN,NOR,2,15,1982,-1538.0
DEN,NOR,2,16,1982,-1538.0
DEN,NOR,2,17,1982,-1538.0
DEN,NOR,2,18,1982,-1538.0
DEN,NOR,2,19,1982,-1538.0
DEN,NOR,2,20,1982,-1538.0
DEN,NOR,2,21,1982,-1434.9314226493589
DEN,NOR,2,22,1982,-1538.0
DEN,NOR,2,23,1982,1103.3873163417593
DEN,NOR,2,24,1982,-1538.0
DEN,NOR,3,1,1982,-1490.472392026095
DEN,NOR,3,2,1982,-1254.5795691991552
DEN,NOR,3,3,1982,1538.0
DEN,NOR,3,4,1982,1538.0
DEN,NOR,3,5,1982,1538.0
DEN,NOR,3,6,1982,827.9302487587847
DEN,NOR,3,7,1982,-1538.0
DEN,NOR,3,8,1982,-1227.0185856259877
DEN,NOR,3,9,1982,-1248.0479061236174
DEN,NOR,3,10,1982,-1538.0
DEN,NOR,3,11,1982,-1538.0
DEN,NOR,3,12,1982,-1538.0
DEN,NOR,3,13,1982,-1089.952161159595
DEN,NOR,3,14,1982,-1538.0
DEN,NOR,3,15,1982,1538.0
DEN,NOR,3,16,1982,-1538.0
DEN,NOR,3,17,1982,-1538.0
DEN,NOR,3,18,1982,-1538.0
DEN,NOR,3,19,1982,-1538.0
DEN,NOR,3,20,1982,-1538.0
DEN,NOR,3,21,1982,-1538.0
DEN,NOR,3,22,1982,-1538.0
DEN,NOR,3,23,1982,131.17112694635853
DEN,NOR,3,24,1982,-1538.0
DEN,SWE,1,1,1982,-1913.0
DEN,SWE,1,2,1982,-1913.0
DEN,SWE,1,3,1982,-1913.0
DEN,SWE,1,4,1982,-1913.0
DEN,SWE,1,5,1982,-1913.0
DEN,SWE,1,6,1982,-1913.0
DEN,SWE,1,7,1982,-1913.0
DEN,SWE,1,8,1982,-1913.0
DEN,SWE,1,9,1982,-1913.0
DEN,SWE,1,10,1982,-1913.0
DEN,SWE,1,11,1982,-1913.0
DEN,SWE,1,12,1982,-1913.0
DEN,SWE,1,13,1982,-1913.0
DEN,SWE,1,14,1982,-1913.0
DEN,SWE,1,15,1982,-1913.0
DEN,SWE,1,16,1982,-1913.0
DEN,SWE,1,17,1982,-1913.0
DEN,SWE,1,18,1982,-1913.0
DEN,SWE,1,19,1982,-1913.0
DEN,SWE,1,20,1982,-1913.0
DEN,SWE,1,21,1982,-1913.0
DEN,SWE,1,22,1982,-1913.0
DEN,SWE,1,23,1982,-1913.0
DEN,SWE,1,24,1982,-1913.0
DEN,SWE,2,1,1982,-1913.0
DEN,SWE,2,2,1982,-1913.0
DEN,SWE,2,3,1982,-1913.0
DEN,SWE,2,4,1982,-1913.0
DEN,SWE,2,5,1982,-1913.0
DEN,SWE,2,6,1982,-1913.0
DEN,SWE,2,7,1982,-1913.0
DEN,SWE,2,8,1982,-1913.0
DEN,SWE,2,9,1982,-1913.0
DEN,SWE,2,10,1982,-1913.0
DEN,SWE,2,11,1982,-1913.0
DEN,SWE,2,12,1982,-1913.0
DEN,SWE,2,13,1982,-1913.0
DEN,SWE,2,14,1982,-1913.0
DEN,SWE,2,15,1982,-1913.0
DEN,SWE,2,16,1982,-1913.0
DEN,SWE,2,17,1982,-1913.0
DEN,SWE,2,18,1982,-1913.0
DEN,SWE,2,19,1982,-1913.0
DEN,SWE,2,20,1982,-1913.0
DEN,SWE,2,21,1982,-1913.0
DEN,SWE,2,22,1982,-1913.0
DEN,SWE,2,23,1982,-1913.0
DEN,SWE,2,24,1982,-1913.0
DEN,SWE,3,1,1982,-81.52841292487938
DEN,SWE,3,2,1982,2284.0
DEN,SWE,3,3,1982,-947.4886976061202
DEN,SWE,3,4,1982,53.08842449680469
DEN,SWE,3,5,1982,-1882.9196745061763
DEN,SWE,3,6,1982,-1913.0
DEN,SWE,3,7,1982,-1154.153558454649
DEN,SWE,3,8,1982,-1913.0
DEN,SWE,3,9,1982,-1913.0
DEN,SWE,3,10,1982,-1913.0
DEN,SWE,3,11,1982,-1913.0
DEN,SWE,3,12,1982,-1913.0
DEN,SWE,3,13,1982,-1913.0
DEN,SWE,3,14,1982,660.1418720486017
DEN,SWE,3,15,1982,-1409.5480764605727
DEN,SWE,3,16,1982,-1892.7662543668025
DEN,SWE,3,17,1982,-1913.0
DEN,SWE,3,18,1982,-1913.0
DEN,SWE,3,19,1982,-1913.0
DEN,SWE,3,20,1982,-1913.0
DEN,SWE,3,21,1982,1005.3090246652955
DEN,SWE,3,22,1982,-1835.1218425715028
DEN,SWE,3,23,1982,-1913.0
DEN,SWE,3,24,1982,124.99242699614388
DEN,UKI,1,1,1982,-1319.0
DEN,UKI,1,2,1982,-1319.0
DEN,UKI,1,3,1982,-1319.0
DEN,UKI,1,4,1982,-1319.0
DEN,UKI,1,5,1982,-1319.0
DEN,UKI,1,6,1982,-1319.0
DEN,UKI,1,7,1982,-1319.0
DEN,UKI,1,8,1982,-1319.0
DEN,UKI,1,9,1982,-1319.0
DEN,UKI,1,10,1982,-1136.5355450962452
DEN,UKI,1,11,1982,-1319.0
DEN,UKI,1,12,1982,-1319.0
DEN,UKI,1,13,1982,-1319.0
DEN,UKI,1,14,1982,-1319.0
DEN,UKI,1,15,1982,-1319.0
DEN,UKI,1,16,1982,-1319.0
DEN,UKI,1,17,1982,-1319.0
DEN,UKI,1,18,1982,392.73490045789003
DEN,UKI,1,19,1982,-1319.0
DEN,UKI,1,20,1982,-1319.0
DEN,UKI,1,21,1982,-1319.0
DEN,UKI,1,22,1982,-1319.0
DEN,UKI,1,23,1982,-1319.0
DEN,UKI,1,24,1982,-1319.0
DEN,UKI,2,1,1982,-1319.0
DEN,UKI,2,2,1982,1319.0
DEN,UKI,2,3,1982,-1319.0
DEN,UKI,2,4,1982,1319.0
DEN,UKI,2,5,1982,1319.0
DEN,UKI,2,6,1982,-1319.0
DEN,UKI,2,7,1982,-1319.0
DEN,UKI,2,8,1982,-1319.0
DEN,UKI,2,9,1982,-1319.0
DEN,UKI,2,10,1982,-1319.0
DEN,UKI,2,11,1982,-1319.0
DEN,UKI,2,12,1982,-1319.0
DEN,UKI,2,13,1982,-1319.0
DEN,UKI,2,14,1982,-1319.0
DEN,UKI,2,15,1982,-1319.0
DEN,UKI,2,16,1982,-1319.0
DEN,UKI,2,17,1982,-1319.0
DEN,UKI,2,18,1982,-1319.0
DEN,UKI,2,19,1982,-1319.0
DEN,UKI,2,20,1982,-1319.0
DEN,UKI,2,21,1982,-1319.0
DEN,UKI,2,22,1982,-1319.0
DEN,UKI,2,23,1982,-1319.0
DEN,UKI,2,24,1982,-1319.0
DEN,UKI,3,1,1982,1319.0
DEN,UKI,3,2,1982,-773.3871781696616
DEN,UKI,3,3,1982,-1319.0
DEN,UKI,3,4,1982,-1319.0
DEN,UKI,3,5,1982,442.05825463593465
DEN,UKI,3,6,1982,444.0390884031185
DEN,UKI,3,7,1982,1319.0
DEN,UKI,3,8,1982,1319.0
DEN,UKI,3,9,1982,1319.0
DEN,UKI,3,10,1982,-1319.0
DEN,UKI,3,11,1982,-1319.0
DEN,UKI,3,12,1982,-1319.0
DEN,UKI,3,13,1982,-1319.0
DEN,UKI,3,14,1982,-298.4436295202213
DEN,UKI,3,15,1982,-1319.0
DEN,UKI,3,16,1982,-1319.0
DEN,UKI,3,17,1982,-1319.0
DEN,UKI,3,18,1982,-1319.0
DEN,UKI,3,19,1982,-1319.0
DEN,UKI,3,20,1982,-1319.0
DEN,UKI,3,21,1982,-1319.0
DEN,UKI,3,22,1982,-1319.0
DEN,UKI,3,23,1982,1319.0
DEN,UKI,3,24,1982,1319.0
FIN,SWE,1,1,1982,3200.0
FIN,SWE,1,2,1982,3200.0
FIN,SWE,1,3,1982,3200.0
FIN,SWE,1,4,1982,3200.0
FIN,SWE,1,5,1982,3200.0
FIN,SWE,1,6,1982,3157.502387181943
FIN,SWE,1,7,1982,3093.835400386555
FIN,SWE,1,8,1982,3200.0
FIN,SWE,1,9,1982,3200.0
FIN,SWE,1,10,1982,3200.0
FIN,SWE,1,11,1982,3200.0
FIN,SWE,1,12,1982,3135.94524346487
FIN,SWE,1,13,1982,3103.1856923367486
FIN,SWE,1,14,1982,3164.489990872704
FIN,SWE,1,15,1982,3200.0
FIN,SWE,1,16,1982,3200.0
FIN,SWE,1,17,1982,3200.0
FIN,SWE,1,18,1982,2935.7352553657074
FIN,SWE,1,19,1982,3200.0
FIN,SWE,1,20,1982,3066.3763960705137
FIN,SWE,1,21,1982,3086.204654870846
FIN,SWE,1,22,1982,3200.0
FIN,SWE,1,23,1982,3200.0
FIN,SWE,1,24,1982,3200.0
FIN,SWE,2,1,1982,3200.0
FIN,SWE,2,2,1982,3200.0
FIN,SWE,2,3,1982,3200.0
FIN,SWE,2,4,1982,3200.0
FIN,SWE,2,5,1982,3200.0
FIN,SWE,2,6,1982,3200.0
FIN,SWE,2,7,1982,3200.0
FIN,SWE,2,8,1982,3200.0
FIN,SWE,2,9,1982,3200.0
FIN,SWE,2,10,1982,3200.0
FIN,SWE,2,11,1982,3200.0
FIN,SWE,2,12,1982,3200.0
FIN,SWE,2,13,1982,3200.0
FIN,SWE,2,14,1982,3200.0
FIN,SWE,2,15,1982,3200.0
FIN,SWE,2,16,1982,3200.0
FIN,SWE,2,17,1982,3200.0
FIN,SWE,2,18,1982,3200.0
FIN,SWE,2,19,1982,3200.0
FIN,SWE,2,20,1982,3200.0
FIN,SWE,2,21,1982,3200.0
FIN,SWE,2,22,1982,3200.0
FIN,SWE,2,23,1982,3200.0
FIN,SWE,2,24,1982,3200.0
FIN,SWE,3,1,1982,2900.590968871394
FIN,SWE,3,2,1982,3200.0
FIN,SWE,3,3,1982,3200.0
FIN,SWE,3,4,1982,3200.0
FIN,SWE,3,5,1982,3200.0
FIN,SWE,3,6,1982,3200.0
FIN,SWE,3,7,1982,3200.0
FIN,SWE,3,8,1982,1889.1184222732013
FIN,SWE,3,9,1982,2022.9705830764428
FIN,SWE,3,10,1982,3200.0
FIN,SWE,3,11,1982,3200.0
FIN,SWE,3,12,1982,3200.0
FIN,SWE,3,13,1982,1921.8794352628588
FIN,SWE,3,14,1982,1616.4743132687881
FIN,SWE,3,15,1982,2845.017027134662
FIN,SWE,3,16,1982,2651.219971849712
FIN,SWE,3,17,1982,2597.088100839506
FIN,SWE,3,18,1982,2540.3887027658916
FIN,SWE,3,19,1982,2784.6796955073514
FIN,SWE,3,20,1982,3106.8038245941966
FIN,SWE,3,21,1982,1827.3591889545332
FIN,SWE,3,22,1982,2120.7660657021793
FIN,SWE,3,23,1982,3188.8514306620245
FIN,SWE,3,24,1982,3200.0
FRA,IRE,1,1,1982,-700.0
FRA,IRE,1,2,1982,-251.1385026068465
FRA,IRE,1,3,1982,-242.3917992256729
FRA,IRE,1,4,1982,-101.52282437043868
FRA,IRE,1,5,1982,-700.0
FRA,IRE,1,6,1982,-9.513937930881184
FRA,IRE,1,7,1982,64.06589397061634
FRA,IRE,1,8,1982,83.46172953645691
FRA,IRE,1,9,1982,-16.69750226877386
FRA,IRE,1,10,1982,-700.0
FRA,IRE,1,11,1982,-169.6599315403655
FRA,IRE,1,12,1982,-250.84295025279062
FRA,IRE,1,13,1982,-700.0
FRA,IRE,1,14,1982,-323.4998159004572
FRA,IRE,1,15,1982,-700.0
FRA,IRE,1,16,1982,-322.47353030852355
FRA,IRE,1,17,1982,-200.05461633218056
FRA,IRE,1,18,1982,-700.0
FRA,IRE,1,19,1982,-64.59720048616236
FRA,IRE,1,20,1982,-700.0
FRA,IRE,1,21,1982,-700.0
FRA,IRE,1,22,1982,-700.0
FRA,IRE,1,23,1982,-700.0
FRA,IRE,1,24,1982,-700.0
FRA,IRE,2,1,1982,-700.0
FRA,IRE,2,2,1982,-700.0
FRA,IRE,2,3,1982,-700.0
FRA,IRE,2,4,1982,-700.0
FRA,IRE,2,5,1982,-700.0
FRA,IRE,2,6,1982,-700.0
FRA,IRE,2,7,1982,-700.0
FRA,IRE,2,8,1982,-700.0
FRA,IRE,2,9,1982,-700.0
FRA,IRE,2,10,1982,-648.8115543428353
FRA,IRE,2,11,1982,-411.70222911793826
FRA,IRE,2,12,1982,-700.0
FRA,IRE,2,13,1982,127.46885458901852
FRA,IRE,2,14,1982,-700.0
FRA,IRE,2,15,1982,-700.0
FRA,IRE,2,16,1982,-700.0
FRA,IRE,2,17,1982,-700.0
FRA,IRE,2,18,1982,-700.0
FRA,IRE,2,19,1982,130.92536849346106
FRA,IRE,2,20,1982,-700.0
FRA,IRE,2,21,1982,-700.0
FRA,IRE,2,22,1982,-281.04987553760475
FRA,IRE,2,23,1982,-700.0
FRA,IRE,2,24,1982,-700.0
FRA,IRE,3,1,1982,-700.0
FRA,IRE,3,2,1982,-700.0
FRA,IRE,3,3,1982,-700.0
FRA,IRE,3,4,1982,-700.0
FRA,IRE,3,5,1982,-700.0
FRA,IRE,3,6,1982,-700.0
FRA,IRE,3,7,1982,-700.0
FRA,IRE,3,8,1982,-700.0
FRA,IRE,3,9,1982,-700.0
FRA,IRE,3,10,1982,-700.0
FRA,IRE,3,11,1982,-700.0
FRA,IRE,3,12,1982,-700.0
FRA,IRE,3,13,1982,-700.0
FRA,IRE,3,14,1982,-700.0
FRA,IRE,3,15,1982,-700.0
FRA,IRE,3,16,1982,-700.0
FRA,IRE,3,17,1982,-700.0
FRA,IRE,3,18,1982,-700.0
FRA,IRE,3,19,1982,-700.0
FRA,IRE,3,20,1982,-700.0
FRA,IRE,3,21,1982,-700.0
FRA,IRE,3,22,1982,-700.0
FRA,IRE,3,23,1982,-700.0
FRA,IRE,3,24,1982,-700.0
FRA,ITA,1,1,1982,-235.26229998850488
FRA,ITA,1,2,1982,-2020.0
FRA,ITA,1,3,1982,-2020.0
FRA,ITA,1,4,1982,-2020.0
FRA,ITA,1,5,1982,3217.028560842743
FRA,ITA,1,6,1982,3.0253759110706824
FRA,ITA,1,7,1982,3983.540414024088
FRA,ITA,1,8,1982,4028.0
FRA,ITA,1,9,1982,4028.0
FRA,ITA,1,10,1982,4028.0
FRA,ITA,1,11,1982,4028.0
FRA,ITA,1,12,1982,2858.551411778949
FRA,ITA,1,13,1982,1996.5368885234757
FRA,ITA,1,14,1982,4028.0
FRA,ITA,1,15,1982,2714.295650011879
FRA,ITA,1,16,1982,4028.0
FRA,ITA,1,17,1982,2484.449693838882
FRA,ITA,1,18,1982,-1615.8647153259722
FRA,ITA,1,19,1982,-1565.1753408518343
FRA,ITA,1,20,1982,2803.0492965792982
FRA,ITA,1,21,1982,1601.5704649443337
FRA,ITA,1,22,1982,-435.3417769014585
FRA,ITA,1,23,1982,-2020.0
FRA,ITA,1,24,1982,1391.174805145406
FRA,ITA,2,1,1982,-228.1091345247586
FRA,ITA,2,2,1982,-2020.0
FRA,ITA,2,3,1982,-2020.0
FRA,ITA,2,4,1982,-2020.0
FRA,ITA,2,5,1982,-2020.0
FRA,ITA,2,6,1982,-1633.8297260375343
FRA,ITA,2,7,1982,-877.3293122740452
FRA,ITA,2,8,1982,3397.780259463075
FRA,ITA,2,9,1982,-2020.0
FRA,ITA,2,10,1982,-660.1857935419446
FRA,ITA,2,11,1982,-2020.0
FRA,ITA,2,12,1982,-2020.0
FRA,ITA,2,13,1982,-2020.0
FRA,ITA,2,14,1982,-2020.0
FRA,ITA,2,15,1982,-2020.0
FRA,ITA,2,16,1982,336.26864306604415
FRA,ITA,2,17,1982,2309.778010502295
FRA,ITA,2,18,1982,-200.48219160972985
FRA,ITA,2,19,1982,-2020.0
FRA,ITA,2,20,1982,-2020.0
FRA,ITA,2,21,1982,-913.7763217113036
FRA,ITA,2,22,1982,-2020.0
FRA,ITA,2,23,1982,-2020.0
FRA,ITA,2,24,1982,-2020.0
FRA,ITA,3,1,1982,3575.020588046091
FRA,ITA,3,2,1982,4028.0
FRA,ITA,3,3,1982,1804.5310192148709
FRA,ITA,3,4,1982,2890.145688518207
FRA,ITA,3,5,1982,4028.0
FRA,ITA,3,6,1982,4028.0
FRA,ITA,3,7,1982,3744.7530933011303
FRA,ITA,3,8,1982,4028.0
FRA,ITA,3,9,1982,4028.0
FRA,ITA,3,10,1982,4028.0
FRA,ITA,3,11,1982,4028.0
FRA,ITA,3,12,1982,4028.0
FRA,ITA,3,13,1982,4028.0
FRA,ITA,3,14,1982,4028.0
FRA,ITA,3,15,1982,4028.0
FRA,ITA,3,16,1982,4028.0
FRA,ITA,3,17,1982,4028.0
FRA,ITA,3,18,1982,4028.0
FRA,ITA,3,19,1982,4028.0
FRA,ITA,3,20,1982,4028.0
FRA,ITA,3,21,1982,4028.0
FRA,ITA,3,22,1982,4028.0
FRA,ITA,3,23,1982,4028.0
FRA,ITA,3,24,1982,2880.0634984356443
FRA,UKI,1,1,1982,5400.0
FRA,UKI,1,2,1982,4084.9009171753814
FRA,UKI,1,3,1982,-3338.4110226210214
FRA,UKI,1,4,1982,5400.0
FRA,UKI,1,5,1982,3566.576724183873
FRA,UKI,1,6,1982,-5400.0
FRA,UKI,1,7,1982,-5400.0
FRA,UKI,1,8,1982,-5400.0
FRA,UKI,1,9,1982,-5353.967269182653
FRA,UKI,1,10,1982,-1283.863866561911
FRA,UKI,1,11,1982,-3626.458136241764
FRA,UKI,1,12,1982,-1492.6464716368484
FRA,UKI,1,13,1982,-764.6118120704505
FRA,UKI,1,14,1982,-1521.5522067673155
FRA,UKI,1,15,1982,4570.109586606374
FRA,UKI,1,16,1982,-1060.5963849381005
FRA,UKI,1,17,1982,1506.2535059130241
FRA,UKI,1,18,1982,1457.3751205486933
FRA,UKI,1,19,1982,2123.269591730681
FRA,UKI,1,20,1982,-185.6369832553064
FRA,UKI,1,21,1982,-2138.9129249052367
FRA,UKI,1,22,1982,627.5793884399609
FRA,UKI,1,23,1982,-5400.0
FRA,UKI,1,24,1982,-961.399865751875
FRA,UKI,2,1,1982,-5118.368325220625
FRA,UKI,2,2,1982,-5400.0
FRA,UKI,2,3,1982,-1238.4025637800914
FRA,UKI,2,4,1982,-1779.2995322522256
FRA,UKI,2,5,1982,4854.837058822966
FRA,UKI,2,6,1982,-1459.347961254798
FRA,UKI,2,7,1982,-5400.0
FRA,UKI,2,8,1982,5400.0
FRA,UKI,2,9,1982,2692.6628956191307
FRA,UKI,2,10,1982,-3619.0090172822056
FRA,UKI,2,11,1982,-5268.201584594084
FRA,UKI,2,12,1982,3878.2036562209687
FRA,UKI,2,13,1982,4144.7104959487515
FRA,UKI,2,14,1982,1420.9203271317092
FRA,UKI,2,15,1982,5400.0
FRA,UKI,2,16,1982,5400.0
FRA,UKI,2,17,1982,2729.9406446718513
FRA,UKI,2,18,1982,5157.5560483264235
FRA,UKI,2,19,1982,5400.0
FRA,UKI,2,20,1982,5400.0
FRA,UKI,2,21,1982,4983.733034590002
FRA,UKI,2,22,1982,-3378.5364245923265
FRA,UKI,2,23,1982,-5400.0
FRA,UKI,2,24,1982,-5400.0
FRA,UKI,3,1,1982,5400.0
FRA,UKI,3,2,1982,-581.5789236244768
FRA,UKI,3,3,1982,-4917.740180027809
FRA,UKI,3,4,1982,-5400.0
FRA,UKI,3,5,1982,-541.9725727158057
FRA,UKI,3,6,1982,744.9196030749372
FRA,UKI,3,7,1982,5400.0
FRA,UKI,3,8,1982,5400.0
FRA,UKI,3,9,1982,234.98149273961826
FRA,UKI,3,10,1982,689.7768670861915
FRA,UKI,3,11,1982,-5400.0
FRA,UKI,3,12,1982,-4436.752550248275
FRA,UKI,3,13,1982,5324.902972227859
FRA,UKI,3,14,1982,-1114.4691578983766
FRA,UKI,3,15,1982,5400.0
FRA,UKI,3,16,1982,-2210.9080063507135
FRA,UKI,3,17,1982,-5400.0
FRA,UKI,3,18,1982,-5400.0
FRA,UKI,3,19,1982,-5281.553393988574
FRA,UKI,3,20,1982,849.2950706800984
FRA,UKI,3,21,1982,2519.589094660292
FRA,UKI,3,22,1982,5400.0
FRA,UKI,3,23,1982,2297.4786162591863
FRA,UKI,3,24,1982,3333.59194372821
GER,DEN,1,1,1982,718.6484214733755
GER,DEN,1,2,1982,585.9207964940651
GER,DEN,1,3,1982,-779.1498829160182
GER,DEN,1,4,1982,-767.3347772334746
GER,DEN,1,5,1982,700.4623303334092
GER,DEN,1,6,1982,111.68909154532321
GER,DEN,1,7,1982,847.4114135496602
GER,DEN,1,8,1982,2616.0612653559656
GER,DEN,1,9,1982,2648.3859402910093
GER,DEN,1,10,1982,1356.4011686215545
GER,DEN,1,11,1982,3817.8299556056154
GER,DEN,1,12,1982,2031.3997433068653
GER,DEN,1,13,1982,623.2688288877907
GER,DEN,1,14,1982,1887.4073950953807
GER,DEN,1,15,1982,564.8333246341608
GER,DEN,1,16,1982,939.3527019744706
GER,DEN,1,17,1982,1919.831554720614
GER,DEN,1,18,1982,4215.992099046318
GER,DEN,1,19,1982,2289.0708168898973
GER,DEN,1,20,1982,908.7664621579215
GER,DEN,1,21,1982,599.3812236773956
GER,DEN,1,22,1982,197.45237770036965
GER,DEN,1,23,1982,1177.0639358448116
GER,DEN,1,24,1982,-497.2010589053489
GER,DEN,2,1,1982,-162.53263465245345
GER,DEN,2,2,1982,3646.7154037244936
GER,DEN,2,3,1982,-388.3895877834575
GER,DEN,2,4,1982,3550.794389627341
GER,DEN,2,5,1982,2241.786932533765
GER,DEN,2,6,1982,177.53003959555826
GER,DEN,2,7,1982,847.6512846282403
GER,DEN,2,8,1982,1291.56987792592
GER,DEN,2,9,1982,1373.0081586400556
GER,DEN,2,10,1982,1343.5413890917598
GER,DEN,2,11,1982,1123.6114843061623
GER,DEN,2,12,1982,995.4176283421839
GER,DEN,2,13,1982,926.0418719722056
GER,DEN,2,14,1982,874.7627449384081
GER,DEN,2,15,1982,2244.3434556185584
GER,DEN,2,16,1982,2533.4417842228404
GER,DEN,2,17,1982,2917.826373175041
GER,DEN,2,18,1982,3007.586822970213
GER,DEN,2,19,1982,2976.1537340448094
GER,DEN,2,20,1982,1506.4024666987025
GER,DEN,2,21,1982,1358.1312810805248
GER,DEN,2,22,1982,908.2508632457175
GER,DEN,2,23,1982,3832.8835919449702
GER,DEN,2,24,1982,1633.281335008135
GER,DEN,3,1,1982,3878.301680815455
GER,DEN,3,2,1982,4241.0
GER,DEN,3,3,1982,3214.4191634646454
GER,DEN,3,4,1982,4241.0
GER,DEN,3,5,1982,4241.0
GER,DEN,3,6,1982,4241.0
GER,DEN,3,7,1982,4241.0
GER,DEN,3,8,1982,4241.0
GER,DEN,3,9,1982,4241.0
GER,DEN,3,10,1982,1178.378549036237
GER,DEN,3,11,1982,906.7208373944159
GER,DEN,3,12,1982,774.5995443866977
GER,DEN,3,13,1982,1151.3124983838038
GER,DEN,3,14,1982,4241.0
GER,DEN,3,15,1982,4241.0
GER,DEN,3,16,1982,905.0614209406835
GER,DEN,3,17,1982,1256.5372556979682
GER,DEN,3,18,1982,1316.9456051037232
GER,DEN,3,19,1982,1223.1932247884206
GER,DEN,3,20,1982,1077.6989463712962
GER,DEN,3,21,1982,3644.252745364939
GER,DEN,3,22,1982,368.38666865621644
GER,DEN,3,23,1982,4241.0
GER,DEN,3,24,1982,4241.0
GER,FRA,1,1,1982,-5180.0
GER,FRA,1,2,1982,-5180.0
GER,FRA,1,3,1982,-5180.0
GER,FRA,1,4,1982,-5180.0
GER,FRA,1,5,1982,-5180.0
GER,FRA,1,6,1982,-5180.0
GER,FRA,1,7,1982,-5180.0
GER,FRA,1,8,1982,-5180.0
GER,FRA,1,9,1982,-5180.0
GER,FRA,1,10,1982,-5180.0
GER,FRA,1,11,1982,-5180.0
GER,FRA,1,12,1982,-5180.0
GER,FRA,1,13,1982,-5180.0
GER,FRA,1,14,1982,-5180.0
GER,FRA,1,15,1982,-5180.0
GER,FRA,1,16,1982,-5180.0
GER,FRA,1,17,1982,-5180.0
GER,FRA,1,18,1982,-5180.0
GER,FRA,1,19,1982,-5180.0
GER,FRA,1,20,1982,-5180.0
GER,FRA,1,21,1982,-5180.0
GER,FRA,1,22,1982,-5180.0
GER,FRA,1,23,1982,-5180.0
GER,FRA,1,24,1982,-5180.0
GER,FRA,2,1,1982,-1409.591125994205
GER,FRA,2,2,1982,-5180.0
GER,FRA,2,3,1982,-5180.0
GER,FRA,2,4,1982,-5180.0
GER,FRA,2,5,1982,-5180.0
GER,FRA,2,6,1982,-5180.0
GER,FRA,2,7,1982,-5180.0
GER,FRA,2,8,1982,-5180.0
GER,FRA,2,9,1982,-5180.0
GER,FRA,2,10,1982,-5180.0
GER,FRA,2,11,1982,-5180.0
GER,FRA,2,12,1982,-5180.0
GER,FRA,2,13,1982,-5180.0
GER,FRA,2,14,1982,-5180.0
GER,FRA,2,15,1982,-5180.0
GER,FRA,2,16,1982,-5180.0
GER,FRA,2,17,1982,-5180.0
GER,FRA,2,18,1982,-5073.832206425713
GER,FRA,2,19,1982,-5168.469336760081
GER,FRA,2,20,1982,-5180.0
GER,FRA,2,21,1982,-5180.0
GER,FRA,2,22,1982,-5180.0
GER,FRA,2,23,1982,-5180.0
GER,FRA,2,24,1982,-5180.0
GER,FRA,3,1,1982,-5180.0
GER,FRA,3,2,1982,-2409.317981009883
GER,FRA,3,3,1982,699.7275433331083
GER,FRA,3,4,1982,2794.0113920753047
GER,FRA,3,5,1982,2090.228785126266
GER,FRA,3,6,1982,-2704.0369830032596
GER,FRA,3,7,1982,-5180.0
GER,FRA,3,8,1982,-3475.140789284944
GER,FRA,3,9,1982,-5180.0
GER,FRA,3,10,1982,-5180.0
GER,FRA,3,11,1982,-5180.0
GER,FRA,3,12,1982,-5180.0
GER,FRA,3,13,1982,-5180.0
GER,FRA,3,14,1982,-5180.0
GER,FRA,3,15,1982,-5180.0
GER,FRA,3,16,1982,-5180.0
GER,FRA,3,17,1982,-5180.0
GER,FRA,3,18,1982,-5180.0
GER,FRA,3,19,1982,-5180.0
GER,FRA,3,20,1982,-5180.0
GER,FRA,3,21,1982,-2966.647955663353
GER,FRA,3,22,1982,4800.0
GER,FRA,3,23,1982,4800.0
GER,FRA,3,24,1982,4800.0
GER,NED,1,1,1982,1201.463894620405
GER,NED,1,2,1982,1517.0122803551458
GER,NED,1,3,1982,2879.2280806689323
GER,NED,1,4,1982,2921.7451263201765
GER,NED,1,5,1982,2035.719637563845
GER,NED,1,6,1982,3168.059671122124
GER,NED,1,7,1982,3642.3779751817037
GER,NED,1,8,1982,2431.7180703302874
GER,NED,1,9,1982,2574.9829881036967
GER,NED,1,10,1982,3326.076885428354
GER,NED,1,11,1982,1758.1365921962333
GER,NED,1,12,1982,2187.901651641754
GER,NED,1,13,1982,4645.732595357104
GER,NED,1,14,1982,2237.9887747558478
GER,NED,1,15,1982,4264.245368346136
GER,NED,1,16,1982,5000.0
GER,NED,1,17,1982,5000.0
GER,NED,1,18,1982,5000.0
GER,NED,1,19,1982,5000.0
GER,NED,1,20,1982,4956.652536974766
GER,NED,1,21,1982,3552.9158558080726
GER,NED,1,22,1982,2300.3212186975707
GER,NED,1,23,1982,498.8284015792833
GER,NED,1,24,1982,1062.1636056592397
GER,NED,2,1,1982,-820.7822614955803
GER,NED,2,2,1982,-2041.7011983364455
GER,NED,2,3,1982,944.0865191053938
GER,NED,2,4,1982,-1787.372045142567
GER,NED,2,5,1982,128.8071779271031
GER,NED,2,6,1982,1454.6154015967932
GER,NED,2,7,1982,1059.4508689742852
GER,NED,2,8,1982,2041.2106535109324
GER,NED,2,9,1982,2735.4258918120977
GER,NED,2,10,1982,2622.462122988647
GER,NED,2,11,1982,2003.2903657580828
GER,NED,2,12,1982,1019.3032517867541
GER,NED,2,13,1982,688.0298544221405
GER,NED,2,14,1982,-315.2528831464442
GER,NED,2,15,1982,-2205.279412633263
GER,NED,2,16,1982,-2314.4661370915837
GER,NED,2,17,1982,-1656.079806050324
GER,NED,2,18,1982,-1396.810147301503
GER,NED,2,19,1982,-328.01293979268667
GER,NED,2,20,1982,2877.9313022837414
GER,NED,2,21,1982,4985.184622148779
GER,NED,2,22,1982,5000.0
GER,NED,2,23,1982,5000.0
GER,NED,2,24,1982,5000.0
GER,NED,3,1,1982,-5000.0
GER,NED,3,2,1982,-5000.0
GER,NED,3,3,1982,-5000.0
GER,NED,3,4,1982,-5000.0
GER,NED,3,5,1982,-5000.0
GER,NED,3,6,1982,-5000.0
GER,NED,3,7,1982,-5000.0
GER,NED,3,8,1982,-5000.0
GER,NED,3,9,1982,-5000.0
GER,NED,3,10,1982,-5000.0
GER,NED,3,11,1982,-5000.0
GER,NED,3,12,1982,-5000.0
GER,NED,3,13,1982,-5000.0
GER,NED,3,14,1982,-5000.0
GER,NED,3,15,1982,-5000.0
GER,NED,3,16,1982,-5000.0
GER,NED,3,17,1982,-5000.0
GER,NED,3,18,1982,-5000.0
GER,NED,3,19,1982,-5000.0
GER,NED,3,20,1982,-5000.0
GER,NED,3,21,1982,-5000.0
GER,NED,3,22,1982,-5000.0
GER,NED,3,23,1982,-5000.0
GER,NED,3,24,1982,-5000.0
GER,NOR,1,1,1982,-1400.0
GER,NOR,1,2,1982,-1400.0
GER,NOR,1,3,1982,-1400.0
GER,NOR,1,4,1982,-1400.0
GER,NOR,1,5,1982,-1400.0
GER,NOR,1,6,1982,-1400.0
GER,NOR,1,7,1982,-1400.0
GER,NOR,1,8,1982,-1400.0
GER,NOR,1,9,1982,-1400.0
GER,NOR,1,10,1982,-1400.0
GER,NOR,1,11,1982,-1400.0
GER,NOR,1,12,1982,-1400.0
GER,NOR,1,13,1982,-1400.0
GER,NOR,1,14,1982,-1400.0
GER,NOR,1,15,1982,-1400.0
GER,NOR,1,16,1982,-1400.0
GER,NOR,1,17,1982,-839.6771375698954
GER,NOR,1,18,1982,-1400.0
GER,NOR,1,19,1982,-1400.0
GER,NOR,1,20,1982,-1400.0
GER,NOR,1,21,1982,-1400.0
GER,NOR,1,22,1982,-1400.0
GER,NOR,1,23,1982,-1400.0
GER,NOR,1,24,1982,-1400.0
GER,NOR,2,1,1982,-1400.0
GER,NOR,2,2,1982,-1400.0
GER,NOR,2,3,1982,-1400.0
GER,NOR,2,4,1982,-1400.0
GER,NOR,2,5,1982,-1400.0
GER,NOR,2,6,1982,-1400.0
GER,NOR,2,7,1982,-1400.0
GER,NOR,2,8,1982,-1400.0
GER,NOR,2,9,1982,-1400.0
GER,NOR,2,10,1982,-1400.0
GER,NOR,2,11,1982,-1400.0
GER,NOR,2,12,1982,-1400.0
GER,NOR,2,13,1982,-1400.0
GER,NOR,2,14,1982,-1400.0
GER,NOR,2,15,1982,-1400.0
GER,NOR,2,16,1982,-1400.0
GER,NOR,2,17,1982,-1400.0
GER,NOR,2,18,1982,-1400.0
GER,NOR,2,19,1982,-1400.0
GER,NOR,2,20,1982,-1400.0
GER,NOR,2,21,1982,-1400.0
GER,NOR,2,22,1982,202.39835238394153
GER,NOR,2,23,1982,-1400.0
GER,NOR,2,24,1982,555.8721203800014
GER,NOR,3,1,1982,1400.0
GER,NOR,3,2,1982,1400.0
GER,NOR,3,3,1982,1400.0
GER,NOR,3,4,1982,-874.8680542729662
GER,NOR,3,5,1982,1372.3058266873632
GER,NOR,3,6,1982,1400.0
GER,NOR,3,7,1982,480.23471286666427
GER,NOR,3,8,1982,718.9940406595772
GER,NOR,3,9,1982,-1400.0
GER,NOR,3,10,1982,-1400.0
GER,NOR,3,11,1982,-167.44183445382714
GER,NOR,3,12,1982,36.83067759809592
GER,NOR,3,13,1982,-1400.0
GER,NOR,3,14,1982,119.93075934266108
GER,NOR,3,15,1982,-1400.0
GER,NOR,3,16,1982,1400.0
GER,NOR,3,17,1982,-1400.0
GER,NOR,3,18,1982,-1400.0
GER,NOR,3,19,1982,-1400.0
GER,NOR,3,20,1982,-1400.0
GER,NOR,3,21,1982,-1400.0
GER,NOR,3,22,1982,869.6134913550923
GER,NOR,3,23,1982,-1400.0
GER,NOR,3,24,1982,-1400.0
GER,SWE,1,1,1982,-1315.0
GER,SWE,1,2,1982,-1315.0
GER,SWE,1,3,1982,-1315.0
GER,SWE,1,4,1982,-1315.0
GER,SWE,1,5,1982,-1315.0
GER,SWE,1,6,1982,-1315.0
GER,SWE,1,7,1982,-1315.0
GER,SWE,1,8,1982,-1315.0
GER,SWE,1,9,1982,-1315.0
GER,SWE,1,10,1982,-1315.0
GER,SWE,1,11,1982,-1315.0
GER,SWE,1,12,1982,-1315.0
GER,SWE,1,13,1982,-1315.0
GER,SWE,1,14,1982,-1315.0
GER,SWE,1,15,1982,-1315.0
GER,SWE,1,16,1982,-1315.0
GER,SWE,1,17,1982,-1315.0
GER,SWE,1,18,1982,-1315.0
GER,SWE,1,19,1982,-1315.0
GER,SWE,1,20,1982,-1315.0
GER,SWE,1,21,1982,-1315.0
GER,SWE,1,22,1982,-1315.0
GER,SWE,1,23,1982,-1315.0
GER,SWE,1,24,1982,-1315.0
GER,SWE,2,1,1982,-1315.0
GER,SWE,2,2,1982,-1315.0
GER,SWE,2,3,1982,-1315.0
GER,SWE,2,4,1982,-1315.0
GER,SWE,2,5,1982,-1315.0
GER,SWE,2,6,1982,-1315.0
GER,SWE,2,7,1982,-1315.0
GER,SWE,2,8,1982,-1315.0
GER,SWE,2,9,1982,-1315.0
GER,SWE,2,10,1982,-1315.0
GER,SWE,2,11,1982,-1315.0
GER,SWE,2,12,1982,-1315.0
GER,SWE,2,13,1982,-1315.0
GER,SWE,2,14,1982,-1315.0
GER,SWE,2,15,1982,-1315.0
GER,SWE,2,16,1982,-1315.0
GER,SWE,2,17,1982,-1315.0
GER,SWE,2,18,1982,-1315.0
GER,SWE,2,19,1982,-1315.0
GER,SWE,2,20,1982,-1315.0
GER,SWE,2,21,1982,-1315.0
GER,SWE,2,22,1982,-1315.0
GER,SWE,2,23,1982,-1315.0
GER,SWE,2,24,1982,-1315.0
GER,SWE,3,1,1982,1315.0
GER,SWE,3,2,1982,940.1369824997282
GER,SWE,3,3,1982,1315.0
GER,SWE,3,4,1982,-1315.0
GER,SWE,3,5,1982,-1315.0
GER,SWE,3,6,1982,-340.4737063665498
GER,SWE,3,7,1982,1315.0
GER,SWE,3,8,1982,-1315.0
GER,SWE,3,9,1982,-1315.0
GER,SWE,3,10,1982,-1315.0
GER,SWE,3,11,1982,-1315.0
GER,SWE,3,12,1982,675.3540182410184
GER,SWE,3,13,1982,1315.0
GER,SWE,3,14,1982,-1315.0
GER,SWE,3,15,1982,-1315.0
GER,SWE,3,16,1982,-1315.0
GER,SWE,3,17,1982,-870.4341320255617
GER,SWE,3,18,1982,-1315.0
GER,SWE,3,19,1982,-169.56705471421265
GER,SWE,3,20,1982,-37.343368606421336
GER,SWE,3,21,1982,-1315.0
GER,SWE,3,22,1982,-1315.0
GER,SWE,3,23,1982,-1315.0
GER,SWE,3,24,1982,1098.2800932377359
GER,UKI,1,1,1982,-1400.0
GER,UKI,1,2,1982,-1400.0
GER,UKI,1,3,1982,-1400.0
GER,UKI,1,4,1982,-1400.0
GER,UKI,1,5,1982,-1400.0
GER,UKI,1,6,1982,-1400.0
GER,UKI,1,7,1982,-1400.0
GER,UKI,1,8,1982,-1400.0
GER,UKI,1,9,1982,-1400.0
GER,UKI,1,10,1982,-1400.0
GER,UKI,1,11,1982,-1400.0
GER,UKI,1,12,1982,-1400.0
GER,UKI,1,13,1982,-1400.0
GER,UKI,1,14,1982,-1400.0
GER,UKI,1,15,1982,-1400.0
GER,UKI,1,16,1982,-1400.0
GER,UKI,1,17,1982,-1400.0
GER,UKI,1,18,1982,-1400.0
GER,UKI,1,19,1982,-1400.0
GER,UKI,1,20,1982,-1400.0
GER,UKI,1,21,1982,-1400.0
GER,UKI,1,22,1982,-1400.0
GER,UKI,1,23,1982,-1400.0
GER,UKI,1,24,1982,-1400.0
GER,UKI,2,1,1982,-1400.0
GER,UKI,2,2,1982,1400.0
GER,UKI,2,3,1982,-1400.0
GER,UKI,2,4,1982,477.8188234645213
GER,UKI,2,5,1982,-1400.0
GER,UKI,2,6,1982,-1400.0
GER,UKI,2,7,1982,-1400.0
GER,UKI,2,8,1982,-1400.0
GER,UKI,2,9,1982,-1400.0
GER,UKI,2,10,1982,-1400.0
GER,UKI,2,11,1982,-1400.0
GER,UKI,2,12,1982,-1400.0
GER,UKI,2,13,1982,-1400.0
GER,UKI,2,14,1982,-1400.0
GER,UKI,2,15,1982,-1400.0
GER,UKI,2,16,1982,-1400.0
GER,UKI,2,17,1982,-1400.0
GER,UKI,2,18,1982,-1400.0
GER,UKI,2,19,1982,-1400.0
GER,UKI,2,20,1982,-1400.0
GER,UKI,2,21,1982,-1400.0
GER,UKI,2,22,1982,-1400.0
GER,UKI,2,23,1982,-1400.0
GER,UKI,2,24,1982,-1400.0
GER,UKI,3,1,1982,1400.0
GER,UKI,3,2,1982,-1400.0
GER,UKI,3,3,1982,-1400.0
GER,UKI,3,4,1982,1400.0
GER,UKI,3,5,1982,1400.0
GER,UKI,3,6,1982,1400.0
GER,UKI,3,7,1982,-1400.0
GER,UKI,3,8,1982,-1400.0
GER,UKI,3,9,1982,-1400.0
GER,UKI,3,10,1982,-1400.0
GER,UKI,3,11,1982,-1400.0
GER,UKI,3,12,1982,-1400.0
GER,UKI,3,13,1982,-1400.0
GER,UKI,3,14,1982,-1400.0
GER,UKI,3,15,1982,-1400.0
GER,UKI,3,16,1982,-1400.0
GER,UKI,3,17,1982,-1400.0
GER,UKI,3,18,1982,-1400.0
GER,UKI,3,19,1982,-1400.0
GER,UKI,3,20,1982,-1400.0
GER,UKI,3,21,1982,-1400.0
GER,UKI,3,22,1982,-1400.0
GER,UKI,3,23,1982,1400.0
GER,UKI,3,24,1982,1400.0
NED,NOR,1,1,1982,-700.0
NED,NOR,1,2,1982,-700.0
NED,NOR,1,3,1982,-700.0
NED,NOR,1,4,1982,-700.0
NED,NOR,1,5,1982,-700.0
NED,NOR,1,6,1982,-700.0
NED,NOR,1,7,1982,-700.0
NED,NOR,1,8,1982,-700.0
NED,NOR,1,9,1982,-700.0
NED,NOR,1,10,1982,-700.0
NED,NOR,1,11,1982,-700.0
NED,NOR,1,12,1982,-700.0
NED,NOR,1,13,1982,-700.0
NED,NOR,1,14,1982,-700.0
NED,NOR,1,15,1982,-700.0
NED,NOR,1,16,1982,-700.0
NED,NOR,1,17,1982,-700.0
NED,NOR,1,18,1982,-700.0
NED,NOR,1,19,1982,-700.0
NED,NOR,1,20,1982,-700.0
NED,NOR,1,21,1982,-700.0
NED,NOR,1,22,1982,-700.0
NED,NOR,1,23,1982,-700.0
NED,NOR,1,24,1982,-700.0
NED,NOR,2,1,1982,-700.0
NED,NOR,2,2,1982,-700.0
NED,NOR,2,3,1982,-700.0
NED,NOR,2,4,1982,-700.0
NED,NOR,2,5,1982,-700.0
NED,NOR,2,6,1982,-700.0
NED,NOR,2,7,1982,-700.0
NED,NOR,2,8,1982,-700.0
NED,NOR,2,9,1982,-700.0
NED,NOR,2,10,1982,-700.0
NED,NOR,2,11,1982,-700.0
NED,NOR,2,12,1982,-700.0
NED,NOR,2,13,1982,-700.0
NED,NOR,2,14,1982,-700.0
NED,NOR,2,15,1982,-700.0
NED,NOR,2,16,1982,-700.0
NED,NOR,2,17,1982,-700.0
NED,NOR,2,18,1982,-700.0
NED,NOR,2,19,1982,-700.0
NED,NOR,2,20,1982,-483.0088373855433
NED,NOR,2,21,1982,700.0
NED,NOR,2,22,1982,123.12261705290257
NED,NOR,2,23,1982,-700.0
NED,NOR,2,24,1982,-38.580064138413036
NED,NOR,3,1,1982,700.0
NED,NOR,3,2,1982,700.0
NED,NOR,3,3,1982,277.5236917987513
NED,NOR,3,4,1982,700.0
NED,NOR,3,5,1982,700.0
NED,NOR,3,6,1982,700.0
NED,NOR,3,7,1982,700.0
NED,NOR,3,8,1982,700.0
NED,NOR,3,9,1982,700.0
NED,NOR,3,10,1982,700.0
NED,NOR,3,11,1982,700.0
NED,NOR,3,12,1982,700.0
NED,NOR,3,13,1982,700.0
NED,NOR,3,14,1982,700.0
NED,NOR,3,15,1982,700.0
NED,NOR,3,16,1982,700.0
NED,NOR,3,17,1982,700.0
NED,NOR,3,18,1982,700.0
NED,NOR,3,19,1982,700.0
NED,NOR,3,20,1982,700.0
NED,NOR,3,21,1982,700.0
NED,NOR,3,22,1982,700.0
NED,NOR,3,23,1982,700.0
NED,NOR,3,24,1982,700.0
NED,UKI,1,1,1982,-100.0
NED,UKI,1,2,1982,-100.0
NED,UKI,1,3,1982,-100.0
NED,UKI,1,4,1982,-100.0
NED,UKI,1,5,1982,-100.0
NED,UKI,1,6,1982,-100.0
NED,UKI,1,7,1982,-100.0
NED,UKI,1,8,1982,-100.0
NED,UKI,1,9,1982,-100.0
NED,UKI,1,10,1982,-100.0
NED,UKI,1,11,1982,-100.0
NED,UKI,1,12,1982,-100.0
NED,UKI,1,13,1982,-100.0
NED,UKI,1,14,1982,-100.0
NED,UKI,1,15,1982,-100.0
NED,UKI,1,16,1982,-100.0
NED,UKI,1,17,1982,-100.0
NED,UKI,1,18,1982,918.586447452095
NED,UKI,1,19,1982,1000.0
NED,UKI,1,20,1982,19.40064403172164
NED,UKI,1,21,1982,-100.0
NED,UKI,1,22,1982,-100.0
NED,UKI,1,23,1982,-100.0
NED,UKI,1,24,1982,-100.0
NED,UKI,2,1,1982,1000.0
NED,UKI,2,2,1982,406.9087505881316
NED,UKI,2,3,1982,843.9204691119451
NED,UKI,2,4,1982,1000.0
NED,UKI,2,5,1982,567.9936453873925
NED,UKI,2,6,1982,1000.0
NED,UKI,2,7,1982,-100.0
NED,UKI,2,8,1982,-100.0
NED,UKI,2,9,1982,-100.0
NED,UKI,2,10,1982,-100.0
NED,UKI,2,11,1982,-100.0
NED,UKI,2,12,1982,-100.0
NED,UKI,2,13,1982,-100.0
NED,UKI,2,14,1982,-100.0
NED,UKI,2,15,1982,-100.0
NED,UKI,2,16,1982,-100.0
NED,UKI,2,17,1982,-100.0
NED,UKI,2,18,1982,-100.0
NED,UKI,2,19,1982,-100.0
NED,UKI,2,20,1982,-100.0
NED,UKI,2,21,1982,-100.0
NED,UKI,2,22,1982,-100.0
NED,UKI,2,23,1982,-100.0
NED,UKI,2,24,1982,-100.0
NED,UKI,3,1,1982,1000.0
NED,UKI,3,2,1982,1000.0
NED,UKI,3,3,1982,1000.0
NED,UKI,3,4,1982,1000.0
NED,UKI,3,5,1982,1000.0
NED,UKI,3,6,1982,1000.0
NED,UKI,3,7,1982,1000.0
NED,UKI,3,8,1982,1000.0
NED,UKI,3,9,1982,1000.0
NED,UKI,3,10,1982,1000.0
NED,UKI,3,11,1982,1000.0
NED,UKI,3,12,1982,1000.0
NED,UKI,3,13,1982,1000.0
NED,UKI,3,14,1982,1000.0
NED,UKI,3,15,1982,1000.0
NED,UKI,3,16,1982,1000.0
NED,UKI,3,17,1982,1000.0
NED,UKI,3,18,1982,1000.0
NED,UKI,3,19,1982,1000.0
NED,UKI,3,20,1982,1000.0
NED,UKI,3,21,1982,1000.0
NED,UKI,3,22,1982,1000.0
NED,UKI,3,23,1982,1000.0
NED,UKI,3,24,1982,1000.0
NOR,UKI,1,1,1982,-1464.0
NOR,UKI,1,2,1982,-1464.0
NOR,UKI,1,3,1982,1047.7636199689796
NOR,UKI,1,4,1982,-1359.8861750775027
NOR,UKI,1,5,1982,-840.1355507517317
NOR,UKI,1,6,1982,-939.4035444205028
NOR,UKI,1,7,1982,-1464.0
NOR,UKI,1,8,1982,-1464.0
NOR,UKI,1,9,1982,-1464.0
NOR,UKI,1,10,1982,-975.0252107984343
NOR,UKI,1,11,1982,996.6483103145883
NOR,UKI,1,12,1982,-323.41192676720834
NOR,UKI,1,13,1982,-255.7512174132553
NOR,UKI,1,14,1982,-294.68603012699896
NOR,UKI,1,15,1982,-1060.6005850060164
NOR,UKI,1,16,1982,-1464.0
NOR,UKI,1,17,1982,-1464.0
NOR,UKI,1,18,1982,-1179.6059866184132
NOR,UKI,1,19,1982,-818.3202090437662
NOR,UKI,1,20,1982,-462.32431258104134
NOR,UKI,1,21,1982,-1186.7910879400624
NOR,UKI,1,22,1982,-1464.0
NOR,UKI,1,23,1982,1464.0
NOR,UKI,1,24,1982,1464.0
NOR,UKI,2,1,1982,1464.0
NOR,UKI,2,2,1982,1464.0
NOR,UKI,2,3,1982,1464.0
NOR,UKI,2,4,1982,1464.0
NOR,UKI,2,5,1982,1464.0
NOR,UKI,2,6,1982,1464.0
NOR,UKI,2,7,1982,1464.0
NOR,UKI,2,8,1982,504.29805462133163
NOR,UKI,2,9,1982,-131.34636600325757
NOR,UKI,2,10,1982,1464.0
NOR,UKI,2,11,1982,1264.6453775340124
NOR,UKI,2,12,1982,635.3290352058248
NOR,UKI,2,13,1982,1073.3208284611756
NOR,UKI,2,14,1982,-912.9257081997666
NOR,UKI,2,15,1982,-1464.0
NOR,UKI,2,16,1982,427.3702001650439
NOR,UKI,2,17,1982,1464.0
NOR,UKI,2,18,1982,1464.0
NOR,UKI,2,19,1982,-247.68967826484368
NOR,UKI,2,20,1982,-1464.0
NOR,UKI,2,21,1982,-1464.0
NOR,UKI,2,22,1982,-1464.0
NOR,UKI,2,23,1982,-1464.0
NOR,UKI,2,24,1982,-1464.0
NOR,UKI,3,1,1982,-1450.3335197956967
NOR,UKI,3,2,1982,1464.0
NOR,UKI,3,3,1982,1464.0
NOR,UKI,3,4,1982,-1464.0
NOR,UKI,3,5,1982,-1464.0
NOR,UKI,3,6,1982,-1464.0
NOR,UKI,3,7,1982,-1464.0
NOR,UKI,3,8,1982,-258.9332241964519
NOR,UKI,3,9,1982,1464.0
NOR,UKI,3,10,1982,1464.0
NOR,UKI,3,11,1982,964.113882303318
NOR,UKI,3,12,1982,380.76077388410295
NOR,UKI,3,13,1982,-1464.0
NOR,UKI,3,14,1982,-930.4384177657512
NOR,UKI,3,15,1982,390.9249186061993
NOR,UKI,3,16,1982,1464.0
NOR,UKI,3,17,1982,303.6519057481328
NOR,UKI,3,18,1982,-1464.0
NOR,UKI,3,19,1982,170.48847479660435
NOR,UKI,3,20,1982,-659.0211285430414
NOR,UKI,3,21,1982,1464.0
NOR,UKI,3,22,1982,1464.0
NOR,UKI,3,23,1982,1464.0
NOR,UKI,3,24,1982,1464.0
POL,CZE,1,1,1982,-1000.0
POL,CZE,1,2,1982,-1000.0
POL,CZE,1,3,1982,-1000.0
POL,CZE,1,4,1982,-1000.0
POL,CZE,1,5,1982,-1000.0
POL,CZE,1,6,1982,-1000.0
POL,CZE,1,7,1982,-1000.0
POL,CZE,1,8,1982,-1000.0
POL,CZE,1,9,1982,-1000.0
POL,CZE,1,10,1982,-1000.0
POL,CZE,1,11,1982,-1000.0
POL,CZE,1,12,1982,-1000.0
POL,CZE,1,13,1982,-1000.0
POL,CZE,1,14,1982,-1000.0
POL,CZE,1,15,1982,-1000.0
POL,CZE,1,16,1982,-1000.0
POL,CZE,1,17,1982,-1000.0
POL,CZE,1,18,1982,-861.3488883925922
POL,CZE,1,19,1982,-941.5169071504165
POL,CZE,1,20,1982,-1000.0
POL,CZE,1,21,1982,-1000.0
POL,CZE,1,22,1982,-1000.0
POL,CZE,1,23,1982,-1000.0
POL,CZE,1,24,1982,-1000.0
POL,CZE,2,1,1982,1200.0
POL,CZE,2,2,1982,1200.0
POL,CZE,2,3,1982,1200.0
POL,CZE,2,4,1982,1200.0
POL,CZE,2,5,1982,1200.0
POL,CZE,2,6,1982,1200.0
POL,CZE,2,7,1982,1200.0
POL,CZE,2,8,1982,1200.0
POL,CZE,2,9,1982,1200.0
POL,CZE,2,10,1982,1200.0
POL,CZE,2,11,1982,1200.0
POL,CZE,2,12,1982,1200.0
POL,CZE,2,13,1982,1200.0
POL,CZE,2,14,1982,1200.0
POL,CZE,2,15,1982,1200.0
POL,CZE,2,16,1982,1200.0
POL,CZE,2,17,1982,1200.0
POL,CZE,2,18,1982,1200.0
POL,CZE,2,19,1982,1200.0
POL,CZE,2,20,1982,1200.0
POL,CZE,2,21,1982,1200.0
POL,CZE,2,22,1982,1200.0
POL,CZE,2,23,1982,1200.0
POL,CZE,2,24,1982,1200.0
POL,CZE,3,1,1982,1200.0
POL,CZE,3,2,1982,1200.0
POL,CZE,3,3,1982,1200.0
POL,CZE,3,4,1982,1200.0
POL,CZE,3,5,1982,1200.0
POL,CZE,3,6,1982,1200.0
POL,CZE,3,7,1982,1200.0
POL,CZE,3,8,1982,1200.0
POL,CZE,3,9,1982,1200.0
POL,CZE,3,10,1982,1200.0
POL,CZE,3,11,1982,1200.0
POL,CZE,3,12,1982,1200.0
POL,CZE,3,13,1982,1200.0
POL,CZE,3,14,1982,1200.0
POL,CZE,3,15,1982,1200.0
POL,CZE,3,16,1982,1200.0
POL,CZE,3,17,1982,1200.0
POL,CZE,3,18,1982,1200.0
POL,CZE,3,19,1982,1200.0
POL,CZE,3,20,1982,1200.0
POL,CZE,3,21,1982,1200.0
POL,CZE,3,22,1982,1200.0
POL,CZE,3,23,1982,1200.0
POL,CZE,3,24,1982,1200.0
POL,GER,1,1,1982,3000.0
POL,GER,1,2,1982,3000.0
POL,GER,1,3,1982,3000.0
POL,GER,1,4,1982,2970.536686613157
POL,GER,1,5,1982,2443.239214780835
POL,GER,1,6,1982,1146.4515057396766
POL,GER,1,7,1982,83.2222977063002
POL,GER,1,8,1982,-909.1068120316866
POL,GER,1,9,1982,-1816.5319687953365
POL,GER,1,10,1982,-2000.0
POL,GER,1,11,1982,1633.7379445470551
POL,GER,1,12,1982,-2000.0
POL,GER,1,13,1982,-2000.0
POL,GER,1,14,1982,-2000.0
POL,GER,1,15,1982,-2000.0
POL,GER,1,16,1982,2774.9850489954542
POL,GER,1,17,1982,3000.0
POL,GER,1,18,1982,3000.0
POL,GER,1,19,1982,3000.0
POL,GER,1,20,1982,-283.66862250025633
POL,GER,1,21,1982,-878.6238491129316
POL,GER,1,22,1982,3000.0
POL,GER,1,23,1982,3000.0
POL,GER,1,24,1982,188.54500631722476
POL,GER,2,1,1982,3000.0
POL,GER,2,2,1982,3000.0
POL,GER,2,3,1982,3000.0
POL,GER,2,4,1982,3000.0
POL,GER,2,5,1982,3000.0
POL,GER,2,6,1982,3000.0
POL,GER,2,7,1982,3000.0
POL,GER,2,8,1982,3000.0
POL,GER,2,9,1982,3000.0
POL,GER,2,10,1982,3000.0
POL,GER,2,11,1982,3000.0
POL,GER,2,12,1982,3000.0
POL,GER,2,13,1982,3000.0
POL,GER,2,14,1982,3000.0
POL,GER,2,15,1982,3000.0
POL,GER,2,16,1982,3000.0
POL,GER,2,17,1982,3000.0
POL,GER,2,18,1982,3000.0
POL,GER,2,19,1982,3000.0
POL,GER,2,20,1982,3000.0
POL,GER,2,21,1982,3000.0
POL,GER,2,22,1982,3000.0
POL,GER,2,23,1982,3000.0
POL,GER,2,24,1982,3000.0
POL,GER,3,1,1982,3000.0
POL,GER,3,2,1982,3000.0
POL,GER,3,3,1982,3000.0
POL,GER,3,4,1982,3000.0
POL,GER,3,5,1982,3000.0
POL,GER,3,6,1982,3000.0
POL,GER,3,7,1982,3000.0
POL,GER,3,8,1982,3000.0
POL,GER,3,9,1982,3000.0
POL,GER,3,10,1982,3000.0
POL,GER,3,11,1982,3000.0
POL,GER,3,12,1982,3000.0
POL,GER,3,13,1982,3000.0
POL,GER,3,14,1982,3000.0
POL,GER,3,15,1982,3000.0
POL,GER,3,16,1982,3000.0
POL,GER,3,17,1982,3000.0
POL,GER,3,18,1982,3000.0
POL,GER,3,19,1982,3000.0
POL,GER,3,20,1982,3000.0
POL,GER,3,21,1982,3000.0
POL,GER,3,22,1982,3000.0
POL,GER,3,23,1982,3000.0
POL,GER,3,24,1982,3000.0
POL,SKO,1,1,1982,-718.2721209668689
POL,SKO,1,2,1982,-725.3759850505448
POL,SKO,1,3,1982,-858.0
POL,SKO,1,4,1982,-858.0
POL,SKO,1,5,1982,-858.0
POL,SKO,1,6,1982,-858.0
POL,SKO,1,7,1982,-858.0
POL,SKO,1,8,1982,-858.0
POL,SKO,1,9,1982,-858.0
POL,SKO,1,10,1982,-858.0
POL,SKO,1,11,1982,-819.7044102785176
POL,SKO,1,12,1982,-858.0
POL,SKO,1,13,1982,-858.0
POL,SKO,1,14,1982,-853.1131195815074
POL,SKO,1,15,1982,-858.0
POL,SKO,1,16,1982,-858.0
POL,SKO,1,17,1982,-750.9212175622188
POL,SKO,1,18,1982,-858.0
POL,SKO,1,19,1982,-858.0
POL,SKO,1,20,1982,-858.0
POL,SKO,1,21,1982,-858.0
POL,SKO,1,22,1982,-858.0
POL,SKO,1,23,1982,-858.0
POL,SKO,1,24,1982,-858.0
POL,SKO,2,1,1982,876.0
POL,SKO,2,2,1982,876.0
POL,SKO,2,3,1982,876.0
POL,SKO,2,4,1982,876.0
POL,SKO,2,5,1982,876.0
POL,SKO,2,6,1982,876.0
POL,SKO,2,7,1982,876.0
POL,SKO,2,8,1982,876.0
POL,SKO,2,9,1982,876.0
POL,SKO,2,10,1982,876.0
POL,SKO,2,11,1982,876.0
POL,SKO,2,12,1982,876.0
POL,SKO,2,13,1982,876.0
POL,SKO,2,14,1982,876.0
POL,SKO,2,15,1982,876.0
POL,SKO,2,16,1982,876.0
POL,SKO,2,17,1982,876.0
POL,SKO,2,18,1982,876.0
POL,SKO,2,19,1982,876.0
POL,SKO,2,20,1982,876.0
POL,SKO,2,21,1982,876.0
POL,SKO,2,22,1982,876.0
POL,SKO,2,23,1982,876.0
POL,SKO,2,24,1982,876.0
POL,SKO,3,1,1982,876.0
POL,SKO,3,2,1982,876.0
POL,SKO,3,3,1982,876.0
POL,SKO,3,4,1982,876.0
POL,SKO,3,5,1982,876.0
POL,SKO,3,6,1982,876.0
POL,SKO,3,7,1982,876.0
POL,SKO,3,8,1982,876.0
POL,SKO,3,9,1982,876.0
POL,SKO,3,10,1982,876.0
POL,SKO,3,11,1982,876.0
POL,SKO,3,12,1982,876.0
POL,SKO,3,13,1982,876.0
POL,SKO,3,14,1982,876.0
POL,SKO,3,15,1982,876.0
POL,SKO,3,16,1982,876.0
POL,SKO,3,17,1982,876.0
POL,SKO,3,18,1982,876.0
POL,SKO,3,19,1982,876.0
POL,SKO,3,20,1982,876.0
POL,SKO,3,21,1982,876.0
POL,SKO,3,22,1982,876.0
POL,SKO,3,23,1982,876.0
POL,SKO,3,24,1982,876.0
POL,SWE,1,1,1982,-600.0
POL,SWE,1,2,1982,-600.0
POL,SWE,1,3,1982,-322.0636625044008
POL,SWE,1,4,1982,-600.0
POL,SWE,1,5,1982,-600.0
POL,SWE,1,6,1982,-600.0
POL,SWE,1,7,1982,-600.0
POL,SWE,1,8,1982,-600.0
POL,SWE,1,9,1982,-600.0
POL,SWE,1,10,1982,-600.0
POL,SWE,1,11,1982,-600.0
POL,SWE,1,12,1982,-600.0
POL,SWE,1,13,1982,-600.0
POL,SWE,1,14,1982,-600.0
POL,SWE,1,15,1982,-600.0
POL,SWE,1,16,1982,-600.0
POL,SWE,1,17,1982,-600.0
POL,SWE,1,18,1982,-600.0
POL,SWE,1,19,1982,-600.0
POL,SWE,1,20,1982,-600.0
POL,SWE,1,21,1982,-600.0
POL,SWE,1,22,1982,-600.0
POL,SWE,1,23,1982,-600.0
POL,SWE,1,24,1982,-600.0
POL,SWE,2,1,1982,600.0
POL,SWE,2,2,1982,600.0
POL,SWE,2,3,1982,600.0
POL,SWE,2,4,1982,600.0
POL,SWE,2,5,1982,-600.0
POL,SWE,2,6,1982,600.0
POL,SWE,2,7,1982,0.18251018168666633
POL,SWE,2,8,1982,600.0
POL,SWE,2,9,1982,600.0
POL,SWE,2,10,1982,600.0
POL,SWE,2,11,1982,600.0
POL,SWE,2,12,1982,600.0
POL,SWE,2,13,1982,600.0
POL,SWE,2,14,1982,600.0
POL,SWE,2,15,1982,600.0
POL,SWE,2,16,1982,600.0
POL,SWE,2,17,1982,600.0
POL,SWE,2,18,1982,600.0
POL,SWE,2,19,1982,600.0
POL,SWE,2,20,1982,600.0
POL,SWE,2,21,1982,600.0
POL,SWE,2,22,1982,600.0
POL,SWE,2,23,1982,600.0
POL,SWE,2,24,1982,600.0
POL,SWE,3,1,1982,600.0
POL,SWE,3,2,1982,600.0
POL,SWE,3,3,1982,600.0
POL,SWE,3,4,1982,600.0
POL,SWE,3,5,1982,600.0
POL,SWE,3,6,1982,600.0
POL,SWE,3,7,1982,600.0
POL,SWE,3,8,1982,600.0
POL,SWE,3,9,1982,600.0
POL,SWE,3,10,1982,600.0
POL,SWE,3,11,1982,600.0
POL,SWE,3,12,1982,600.0
POL,SWE,3,13,1982,600.0
POL,SWE,3,14,1982,600.0
POL,SWE,3,15,1982,600.0
POL,SWE,3,16,1982,600.0
POL,SWE,3,17,1982,600.0
POL,SWE,3,18,1982,600.0
POL,SWE,3,19,1982,600.0
POL,SWE,3,20,1982,600.0
POL,SWE,3,21,1982,600.0
POL,SWE,3,22,1982,600.0
POL,SWE,3,23,1982,600.0
POL,SWE,3,24,1982,600.0
SPA,FRA,1,1,1982,-324.5191331912356
SPA,FRA,1,2,1982,-5100.0
SPA,FRA,1,3,1982,-5100.0
SPA,FRA,1,4,1982,-5100.0
SPA,FRA,1,5,1982,-213.32386288724592
SPA,FRA,1,6,1982,-5081.710318563296
SPA,FRA,1,7,1982,-1773.7776414365871
SPA,FRA,1,8,1982,1723.309942486234
SPA,FRA,1,9,1982,2115.815154585509
SPA,FRA,1,10,1982,1327.0133715207394
SPA,FRA,1,11,1982,1219.2024816728472
SPA,FRA,1,12,1982,1358.7266053053536
SPA,FRA,1,13,1982,1909.5155865158013
SPA,FRA,1,14,1982,-103.2035947375698
SPA,FRA,1,15,1982,3419.8452661158826
SPA,FRA,1,16,1982,3509.9374004596634
SPA,FRA,1,17,1982,3045.7509556079003
SPA,FRA,1,18,1982,1441.874491871786
SPA,FRA,1,19,1982,-164.91286451676206
SPA,FRA,1,20,1982,-170.56050715529636
SPA,FRA,1,21,1982,-4024.003371292816
SPA,FRA,1,22,1982,179.60089685183732
SPA,FRA,1,23,1982,-4503.743527347873
SPA,FRA,1,24,1982,-5100.0
SPA,FRA,2,1,1982,-5100.0
SPA,FRA,2,2,1982,-5100.0
SPA,FRA,2,3,1982,-1462.129806694622
SPA,FRA,2,4,1982,4528.0
SPA,FRA,2,5,1982,-146.37801071525246
SPA,FRA,2,6,1982,4528.0
SPA,FRA,2,7,1982,4528.0
SPA,FRA,2,8,1982,4528.0
SPA,FRA,2,9,1982,1490.7125865581038
SPA,FRA,2,10,1982,-5100.0
SPA,FRA,2,11,1982,-932.5271794324326
SPA,FRA,2,12,1982,4528.0
SPA,FRA,2,13,1982,-499.06850532143653
SPA,FRA,2,14,1982,-5100.0
SPA,FRA,2,15,1982,-1090.7491315781626
SPA,FRA,2,16,1982,4528.0
SPA,FRA,2,17,1982,2935.168012881256
SPA,FRA,2,18,1982,3939.679696440996
SPA,FRA,2,19,1982,2669.5562881601945
SPA,FRA,2,20,1982,2323.0974355253275
SPA,FRA,2,21,1982,-1947.2706775938423
SPA,FRA,2,22,1982,-5100.0
SPA,FRA,2,23,1982,-5100.0
SPA,FRA,2,24,1982,-5100.0
SPA,FRA,3,1,1982,4528.0
SPA,FRA,3,2,1982,4528.0
SPA,FRA,3,3,1982,4528.0
SPA,FRA,3,4,1982,4528.0
SPA,FRA,3,5,1982,4528.0
SPA,FRA,3,6,1982,4528.0
SPA,FRA,3,7,1982,4528.0
SPA,FRA,3,8,1982,4032.565867027077
SPA,FRA,3,9,1982,1281.064335457053
SPA,FRA,3,10,1982,629.8499224098377
SPA,FRA,3,11,1982,-5100.0
SPA,FRA,3,12,1982,-5100.0
SPA,FRA,3,13,1982,912.054614705281
SPA,FRA,3,14,1982,3218.9653921037416
SPA,FRA,3,15,1982,400.7482021948126
SPA,FRA,3,16,1982,-5100.0
SPA,FRA,3,17,1982,-319.9407680522454
SPA,FRA,3,18,1982,1418.6012315594699
SPA,FRA,3,19,1982,-5100.0
SPA,FRA,3,20,1982,-5100.0
SPA,FRA,3,21,1982,-5100.0
SPA,FRA,3,22,1982,-5100.0
SPA,FRA,3,23,1982,-5100.0
SPA,FRA,3,24,1982,-5100.0
SPA,POR,1,1,1982,3484.72237144084
SPA,POR,1,2,1982,3254.53572478633
SPA,POR,1,3,1982,3008.985524117498
SPA,POR,1,4,1982,2919.04350212977
SPA,POR,1,5,1982,2922.4228852655724
SPA,POR,1,6,1982,2971.244191156561
SPA,POR,1,7,1982,3130.2235591162107
SPA,POR,1,8,1982,3373.1769837772104
SPA,POR,1,9,1982,3723.792011835232
SPA,POR,1,10,1982,3960.2004100210197
SPA,POR,1,11,1982,4050.154614899745
SPA,POR,1,12,1982,4169.422430409821
SPA,POR,1,13,1982,4200.0
SPA,POR,1,14,1982,4086.838121502975
SPA,POR,1,15,1982,3895.8733711187433
SPA,POR,1,16,1982,3798.197586929216
SPA,POR,1,17,1982,3474.4380236229863
SPA,POR,1,18,1982,3701.2112434117116
SPA,POR,1,19,1982,4200.0
SPA,POR,1,20,1982,4200.0
SPA,POR,1,21,1982,4200.0
SPA,POR,1,22,1982,4054.0786009032086
SPA,POR,1,23,1982,4199.265140892062
SPA,POR,1,24,1982,3968.2566134043977
SPA,POR,2,1,1982,3012.368939290767
SPA,POR,2,2,1982,2793.3613798049346
SPA,POR,2,3,1982,2536.1579183674417
SPA,POR,2,4,1982,2399.2201716641152
SPA,POR,2,5,1982,2437.2102168506726
SPA,POR,2,6,1982,2532.9810553237257
SPA,POR,2,7,1982,2655.930767380328
SPA,POR,2,8,1982,2753.8087419105937
SPA,POR,2,9,1982,2960.710178817285
SPA,POR,2,10,1982,3199.566899614466
SPA,POR,2,11,1982,3417.463503144928
SPA,POR,2,12,1982,3605.6526703653935
SPA,POR,2,13,1982,3895.384778380101
SPA,POR,2,14,1982,3665.907126159872
SPA,POR,2,15,1982,3476.2125356074125
SPA,POR,2,16,1982,3461.9878543790887
SPA,POR,2,17,1982,3574.2471860743294
SPA,POR,2,18,1982,3973.717920805774
SPA,POR,2,19,1982,4200.0
SPA,POR,2,20,1982,4200.0
SPA,POR,2,21,1982,4072.2257057133625
SPA,POR,2,22,1982,3727.540413836431
SPA,POR,2,23,1982,3940.308827132606
SPA,POR,2,24,1982,3742.6872389528894
SPA,POR,3,1,1982,3194.230963209404
SPA,POR,3,2,1982,2945.1457491950905
SPA,POR,3,3,1982,2703.3488563589226
SPA,POR,3,4,1982,2613.3114117053656
SPA,POR,3,5,1982,2613.5807599143327
SPA,POR,3,6,1982,2655.539517202748
SPA,POR,3,7,1982,2833.8189239605995
SPA,POR,3,8,1982,3131.6052536736115
SPA,POR,3,9,1982,3468.718447885478
SPA,POR,3,10,1982,3685.714981093103
SPA,POR,3,11,1982,3853.2054832044664
SPA,POR,3,12,1982,3947.4101928894615
SPA,POR,3,13,1982,4163.068954836934
SPA,POR,3,14,1982,3939.9192830220063
SPA,POR,3,15,1982,3745.529166243664
SPA,POR,3,16,1982,3658.3927730672076
SPA,POR,3,17,1982,3688.8443107102435
SPA,POR,3,18,1982,3999.9797500281393
SPA,POR,3,19,1982,4200.0
SPA,POR,3,20,1982,4200.0
SPA,POR,3,21,1982,4148.677243229514
SPA,POR,3,22,1982,3814.8648295434386
SPA,POR,3,23,1982,3970.2871843662006
SPA,POR,3,24,1982,3716.515595694936
SWE,NOR,1,1,1982,-2646.088257545729
SWE,NOR,1,2,1982,-3539.081882192535
SWE,NOR,1,3,1982,-1090.2645219481647
SWE,NOR,1,4,1982,-3418.642811324807
SWE,NOR,1,5,1982,-1524.286437978574
SWE,NOR,1,6,1982,-87.12020021505577
SWE,NOR,1,7,1982,1361.484627064161
SWE,NOR,1,8,1982,2441.4360650146227
SWE,NOR,1,9,1982,2711.699788233207
SWE,NOR,1,10,1982,3995.0
SWE,NOR,1,11,1982,3995.0
SWE,NOR,1,12,1982,3958.16246014042
SWE,NOR,1,13,1982,3862.038705225261
SWE,NOR,1,14,1982,3737.79484164114
SWE,NOR,1,15,1982,3522.6127561475996
SWE,NOR,1,16,1982,3278.716375532076
SWE,NOR,1,17,1982,3137.277472165335
SWE,NOR,1,18,1982,3964.213995826989
SWE,NOR,1,19,1982,3995.0
SWE,NOR,1,20,1982,3398.2468866990484
SWE,NOR,1,21,1982,1548.4896868735887
SWE,NOR,1,22,1982,965.616798682342
SWE,NOR,1,23,1982,3021.6025367722395
SWE,NOR,1,24,1982,3340.3437248609043
SWE,NOR,2,1,1982,-3005.060348977233
SWE,NOR,2,2,1982,-2339.2731160521544
SWE,NOR,2,3,1982,-3114.2445668166183
SWE,NOR,2,4,1982,-3695.0
SWE,NOR,2,5,1982,-3695.0
SWE,NOR,2,6,1982,-3695.0
SWE,NOR,2,7,1982,-2798.6378349689585
SWE,NOR,2,8,1982,-2189.3573922703044
SWE,NOR,2,9,1982,-2203.2039488515593
SWE,NOR,2,10,1982,-272.54197333745105
SWE,NOR,2,11,1982,-1718.3083245994612
SWE,NOR,2,12,1982,-1787.7810113540108
SWE,NOR,2,13,1982,313.49505172129375
SWE,NOR,2,14,1982,180.79260471934685
SWE,NOR,2,15,1982,322.79456793448117
SWE,NOR,2,16,1982,2265.858608241335
SWE,NOR,2,17,1982,3157.219351942367
SWE,NOR,2,18,1982,3969.972593944338
SWE,NOR,2,19,1982,3995.0
SWE,NOR,2,20,1982,3995.0
SWE,NOR,2,21,1982,3995.0
SWE,NOR,2,22,1982,3995.0
SWE,NOR,2,23,1982,3995.0
SWE,NOR,2,24,1982,3995.0
SWE,NOR,3,1,1982,3995.0
SWE,NOR,3,2,1982,3995.0
SWE,NOR,3,3,1982,929.2980362565249
SWE,NOR,3,4,1982,-1006.6383882210439
SWE,NOR,3,5,1982,-3695.0
SWE,NOR,3,6,1982,-3695.0
SWE,NOR,3,7,1982,-1970.064189917417
SWE,NOR,3,8,1982,-3695.0
SWE,NOR,3,9,1982,-2828.5429381482318
SWE,NOR,3,10,1982,-3349.271313956262
SWE,NOR,3,11,1982,-3695.0
SWE,NOR,3,12,1982,-3695.0
SWE,NOR,3,13,1982,-3424.3880553884997
SWE,NOR,3,14,1982,-3695.0
SWE,NOR,3,15,1982,-3621.6951676799413
SWE,NOR,3,16,1982,-2040.4266088643926
SWE,NOR,3,17,1982,-596.8627424703755
SWE,NOR,3,18,1982,-3095.178548239506
SWE,NOR,3,19,1982,-2319.5148913009125
SWE,NOR,3,20,1982,-3695.0
SWE,NOR,3,21,1982,-1543.6252993198868
SWE,NOR,3,22,1982,-3695.0
SWE,NOR,3,23,1982,-2050.6656387296525
SWE,NOR,3,24,1982,2462.4514398696483
SWI,FRA,1,1,1982,1350.0
SWI,FRA,1,2,1982,1350.0
SWI,FRA,1,3,1982,1350.0
SWI,FRA,1,4,1982,1350.0
SWI,FRA,1,5,1982,761.5035890260551
SWI,FRA,1,6,1982,-3347.0
SWI,FRA,1,7,1982,-168.65282141110583
SWI,FRA,1,8,1982,430.8471629160267
SWI,FRA,1,9,1982,-1840.8457031013804
SWI,FRA,1,10,1982,255.14695392444628
SWI,FRA,1,11,1982,403.70680375687516
SWI,FRA,1,12,1982,1350.0
SWI,FRA,1,13,1982,640.7675095260893
SWI,FRA,1,14,1982,1350.0
SWI,FRA,1,15,1982,1350.0
SWI,FRA,1,16,1982,-2718.2622498835067
SWI,FRA,1,17,1982,1350.0
SWI,FRA,1,18,1982,312.5815010855731
SWI,FRA,1,19,1982,1350.0
SWI,FRA,1,20,1982,1350.0
SWI,FRA,1,21,1982,1210.842817386525
SWI,FRA,1,22,1982,-2506.15099605421
SWI,FRA,1,23,1982,-3347.0
SWI,FRA,1,24,1982,1350.0
SWI,FRA,2,1,1982,-3347.0
SWI,FRA,2,2,1982,-2589.7878317783043
SWI,FRA,2,3,1982,-2636.0079553503238
SWI,FRA,2,4,1982,-3347.0
SWI,FRA,2,5,1982,-3347.0
SWI,FRA,2,6,1982,-3067.692321648181
SWI,FRA,2,7,1982,-2439.2968326010596
SWI,FRA,2,8,1982,1350.0
SWI,FRA,2,9,1982,1350.0
SWI,FRA,2,10,1982,1350.0
SWI,FRA,2,11,1982,-2567.6242902293016
SWI,FRA,2,12,1982,-3347.0
SWI,FRA,2,13,1982,1350.0
SWI,FRA,2,14,1982,1350.0
SWI,FRA,2,15,1982,1350.0
SWI,FRA,2,16,1982,1300.387274709905
SWI,FRA,2,17,1982,866.29046467027
SWI,FRA,2,18,1982,1350.0
SWI,FRA,2,19,1982,1350.0
SWI,FRA,2,20,1982,1350.0
SWI,FRA,2,21,1982,1350.0
SWI,FRA,2,22,1982,-946.7664718645829
SWI,FRA,2,23,1982,-109.30408344735224
SWI,FRA,2,24,1982,-3347.0
SWI,FRA,3,1,1982,-3347.0
SWI,FRA,3,2,1982,-3347.0
SWI,FRA,3,3,1982,-3347.0
SWI,FRA,3,4,1982,-3347.0
SWI,FRA,3,5,1982,-3347.0
SWI,FRA,3,6,1982,-3347.0
SWI,FRA,3,7,1982,-3347.0
SWI,FRA,3,8,1982,-3347.0
SWI,FRA,3,9,1982,-3347.0
SWI,FRA,3,10,1982,-943.9961222859802
SWI,FRA,3,11,1982,584.7030984913144
SWI,FRA,3,12,1982,712.5247503066385
SWI,FRA,3,13,1982,893.6124972218768
SWI,FRA,3,14,1982,-2890.4226565535573
SWI,FRA,3,15,1982,-423.67265242107896
SWI,FRA,3,16,1982,951.8714298109626
SWI,FRA,3,17,1982,-3095.1861692790553
SWI,FRA,3,18,1982,578.1412547375294
SWI,FRA,3,19,1982,854.9268258539014
SWI,FRA,3,20,1982,1350.0
SWI,FRA,3,21,1982,1350.0
SWI,FRA,3,22,1982,1350.0
SWI,FRA,3,23,1982,1350.0
SWI,FRA,3,24,1982,1350.0
SWI,GER,1,1,1982,4300.0
SWI,GER,1,2,1982,4300.0
SWI,GER,1,3,1982,4300.0
SWI,GER,1,4,1982,4300.0
SWI,GER,1,5,1982,4300.0
SWI,GER,1,6,1982,4300.0
SWI,GER,1,7,1982,4300.0
SWI,GER,1,8,1982,4300.0
SWI,GER,1,9,1982,4300.0
SWI,GER,1,10,1982,4300.0
SWI,GER,1,11,1982,4300.0
SWI,GER,1,12,1982,4300.0
SWI,GER,1,13,1982,4300.0
SWI,GER,1,14,1982,4300.0
SWI,GER,1,15,1982,4300.0
SWI,GER,1,16,1982,4300.0
SWI,GER,1,17,1982,4300.0
SWI,GER,1,18,1982,4300.0
SWI,GER,1,19,1982,4300.0
SWI,GER,1,20,1982,4300.0
SWI,GER,1,21,1982,4300.0
SWI,GER,1,22,1982,4300.0
SWI,GER,1,23,1982,4300.0
SWI,GER,1,24,1982,4300.0
SWI,GER,2,1,1982,-3512.0766353202707
SWI,GER,2,2,1982,-3800.0
SWI,GER,2,3,1982,-3800.0
SWI,GER,2,4,1982,-1769.950015985176
SWI,GER,2,5,1982,-726.9484343423246
SWI,GER,2,6,1982,1583.7835291332633
SWI,GER,2,7,1982,4300.0
SWI,GER,2,8,1982,4300.0
SWI,GER,2,9,1982,4300.0
SWI,GER,2,10,1982,4300.0
SWI,GER,2,11,1982,4300.0
SWI,GER,2,12,1982,4300.0
SWI,GER,2,13,1982,4300.0
SWI,GER,2,14,1982,4300.0
SWI,GER,2,15,1982,4300.0
SWI,GER,2,16,1982,4300.0
SWI,GER,2,17,1982,4300.0
SWI,GER,2,18,1982,4300.0
SWI,GER,2,19,1982,4300.0
SWI,GER,2,20,1982,4300.0
SWI,GER,2,21,1982,4300.0
SWI,GER,2,22,1982,4300.0
SWI,GER,2,23,1982,4300.0
SWI,GER,2,24,1982,4300.0
SWI,GER,3,1,1982,-3356.802895726818
SWI,GER,3,2,1982,-3255.853183455667
SWI,GER,3,3,1982,-3213.1469749722037
SWI,GER,3,4,1982,-3133.609261931342
SWI,GER,3,5,1982,-155.88784883361404
SWI,GER,3,6,1982,2078.6412848544956
SWI,GER,3,7,1982,3552.302393409347
SWI,GER,3,8,1982,4300.0
SWI,GER,3,9,1982,4300.0
SWI,GER,3,10,1982,4300.0
SWI,GER,3,11,1982,4300.0
SWI,GER,3,12,1982,4300.0
SWI,GER,3,13,1982,4178.478023976706
SWI,GER,3,14,1982,4300.0
SWI,GER,3,15,1982,4300.0
SWI,GER,3,16,1982,4300.0
SWI,GER,3,17,1982,4300.0
SWI,GER,3,18,1982,4300.0
SWI,GER,3,19,1982,4300.0
SWI,GER,3,20,1982,4300.0
SWI,GER,3,21,1982,4300.0
SWI,GER,3,22,1982,4300.0
SWI,GER,3,23,1982,4139.313672470967
SWI,GER,3,24,1982,3251.6914241982004
SWI,ITA,1,1,1982,3811.0
SWI,ITA,1,2,1982,3811.0
SWI,ITA,1,3,1982,3811.0
SWI,ITA,1,4,1982,1779.3556510959843
SWI,ITA,1,5,1982,-1751.0
SWI,ITA,1,6,1982,3811.0
SWI,ITA,1,7,1982,3811.0
SWI,ITA,1,8,1982,3811.0
SWI,ITA,1,9,1982,3811.0
SWI,ITA,1,10,1982,3811.0
SWI,ITA,1,11,1982,3811.0
SWI,ITA,1,12,1982,3034.3837349306177
SWI,ITA,1,13,1982,3811.0
SWI,ITA,1,14,1982,3240.1905032959075
SWI,ITA,1,15,1982,3316.605742734493
SWI,ITA,1,16,1982,3811.0
SWI,ITA,1,17,1982,2978.0629175990744
SWI,ITA,1,18,1982,3811.0
SWI,ITA,1,19,1982,3811.0
SWI,ITA,1,20,1982,3360.0856244739552
SWI,ITA,1,21,1982,3811.0
SWI,ITA,1,22,1982,3811.0
SWI,ITA,1,23,1982,3811.0
SWI,ITA,1,24,1982,-1751.0
SWI,ITA,2,1,1982,-1751.0
SWI,ITA,2,2,1982,-1751.0
SWI,ITA,2,3,1982,-1751.0
SWI,ITA,2,4,1982,-1751.0
SWI,ITA,2,5,1982,-1751.0
SWI,ITA,2,6,1982,-1751.0
SWI,ITA,2,7,1982,-1751.0
SWI,ITA,2,8,1982,-1751.0
SWI,ITA,2,9,1982,2543.032924970992
SWI,ITA,2,10,1982,3745.785608414908
SWI,ITA,2,11,1982,3811.0
SWI,ITA,2,12,1982,3610.926428816421
SWI,ITA,2,13,1982,-209.5703488769086
SWI,ITA,2,14,1982,1203.9798395867147
SWI,ITA,2,15,1982,2526.5132365518975
SWI,ITA,2,16,1982,3811.0
SWI,ITA,2,17,1982,3811.0
SWI,ITA,2,18,1982,3136.4937820061205
SWI,ITA,2,19,1982,3274.0306559939872
SWI,ITA,2,20,1982,3811.0
SWI,ITA,2,21,1982,3811.0
SWI,ITA,2,22,1982,3484.445636626438
SWI,ITA,2,23,1982,-890.2945879284578
SWI,ITA,2,24,1982,-1188.8041052347758
SWI,ITA,3,1,1982,-1751.0
SWI,ITA,3,2,1982,-1751.0
SWI,ITA,3,3,1982,-1751.0
SWI,ITA,3,4,1982,-1751.0
SWI,ITA,3,5,1982,-1300.3116560086128
SWI,ITA,3,6,1982,-341.14135393390313
SWI,ITA,3,7,1982,3811.0
SWI,ITA,3,8,1982,3811.0
SWI,ITA,3,9,1982,3811.0
SWI,ITA,3,10,1982,3811.0
SWI,ITA,3,11,1982,3811.0
SWI,ITA,3,12,1982,3811.0
SWI,ITA,3,13,1982,3811.0
SWI,ITA,3,14,1982,3811.0
SWI,ITA,3,15,1982,3811.0
SWI,ITA,3,16,1982,3811.0
SWI,ITA,3,17,1982,3811.0
SWI,ITA,3,18,1982,3811.0
SWI,ITA,3,19,1982,3811.0
SWI,ITA,3,20,1982,3811.0
SWI,ITA,3,21,1982,3811.0
SWI,ITA,3,22,1982,3811.0
SWI,ITA,3,23,1982,3811.0
SWI,ITA,3,24,1982,3811.0
UKI,IRE,1,1,1982,-1319.690661317749
UKI,IRE,1,2,1982,-1750.0
UKI,IRE,1,3,1982,-1750.0
UKI,IRE,1,4,1982,-1750.0
UKI,IRE,1,5,1982,-1055.6924918331656
UKI,IRE,1,6,1982,-1750.0
UKI,IRE,1,7,1982,-1750.0
UKI,IRE,1,8,1982,-1750.0
UKI,IRE,1,9,1982,-1750.0
UKI,IRE,1,10,1982,-1174.9337059551217
UKI,IRE,1,11,1982,-1750.0
UKI,IRE,1,12,1982,-1750.0
UKI,IRE,1,13,1982,-1273.2464442188575
UKI,IRE,1,14,1982,-1750.0
UKI,IRE,1,15,1982,-1410.1047687964337
UKI,IRE,1,16,1982,-1750.0
UKI,IRE,1,17,1982,-1750.0
UKI,IRE,1,18,1982,-1115.0042199245636
UKI,IRE,1,19,1982,-1750.0
UKI,IRE,1,20,1982,-1326.802281826176
UKI,IRE,1,21,1982,-1511.199578623773
UKI,IRE,1,22,1982,-1747.4393147314113
UKI,IRE,1,23,1982,-1750.0
UKI,IRE,1,24,1982,-1750.0
UKI,IRE,2,1,1982,-1750.0
UKI,IRE,2,2,1982,-1750.0
UKI,IRE,2,3,1982,-1750.0
UKI,IRE,2,4,1982,-1750.0
UKI,IRE,2,5,1982,-1750.0
UKI,IRE,2,6,1982,-1750.0
UKI,IRE,2,7,1982,-1750.0
UKI,IRE,2,8,1982,-1689.5807944106555
UKI,IRE,2,9,1982,-1624.4461671386734
UKI,IRE,2,10,1982,-1750.0
UKI,IRE,2,11,1982,-1750.0
UKI,IRE,2,12,1982,-1124.203154808315
UKI,IRE,2,13,1982,-1750.0
UKI,IRE,2,14,1982,-692.9001740587655
UKI,IRE,2,15,1982,-485.24064363813704
UKI,IRE,2,16,1982,-562.7912386809012
UKI,IRE,2,17,1982,-505.4192281124979
UKI,IRE,2,18,1982,-664.0686849555095
UKI,IRE,2,19,1982,-1750.0
UKI,IRE,2,20,1982,-1189.1426889990971
UKI,IRE,2,21,1982,-1322.183665535641
UKI,IRE,2,22,1982,-1750.0
UKI,IRE,2,23,1982,-1732.3054570055428
UKI,IRE,2,24,1982,-1558.7142016715657
UKI,IRE,3,1,1982,-1750.0
UKI,IRE,3,2,1982,-1750.0
UKI,IRE,3,3,1982,-1750.0
UKI,IRE,3,4,1982,-1750.0
UKI,IRE,3,5,1982,-1750.0
UKI,IRE,3,6,1982,-1750.0
UKI,IRE,3,7,1982,-1750.0
UKI,IRE,3,8,1982,-1750.0
UKI,IRE,3,9,1982,-1750.0
UKI,IRE,3,10,1982,-1750.0
UKI,IRE,3,11,1982,-1750.0
UKI,IRE,3,12,1982,-1750.0
UKI,IRE,3,13,1982,-1750.0
UKI,IRE,3,14,1982,-1750.0
UKI,IRE,3,15,1982,-1750.0
UKI,IRE,3,16,1982,-1750.0
UKI,IRE,3,17,1982,-1750.0
UKI,IRE,3,18,1982,-1750.0
UKI,IRE,3,19,1982,-1750.0
UKI,IRE,3,20,1982,-1750.0
UKI,IRE,3,21,1982,-1750.0
UKI,IRE,3,22,1982,-1750.0
UKI,IRE,3,23,1982,-1750.0
UKI,IRE,3,24,1982,-1750.0
