rp,clustering,seed,num_periods,investment_cost,data,windon,windoff,solar
cross,conical_bounded,1,100,3.90614e9,blended,2.5449753458454996e7,8.984315762944998e6,2.5091843743591e7
cross,conical_bounded,1,20,4.0758e9,blended,2.6019125032513e7,9.915595926695e6,2.5502498092253003e7
cross,conical_bounded,1,200,4.20919e9,blended,2.6047561842197e7,1.1e7,2.5541963748267997e7
cross,conical_bounded,1,400,4.11755e9,blended,2.6051355114657e7,1.0233227308551999e7,2.5538409764163002e7
cross,conical_bounded,1,50,3.92415e9,blended,2.5505617794318e7,9.036582188114999e6,2.5308153600928e7
cross,conical_bounded,1,800,4.11174e9,blended,2.6040171636388e7,1.0191596124591e7,2.553950868949e7
cross,convex_hull,1,100,3.9055e9,blended,2.5450934627736e7,8.960337244277999e6,2.515416241716e7
cross,convex_hull,1,20,4.00467e9,blended,2.6017625211289e7,9.334660015369e6,2.5460138483355e7
cross,convex_hull,1,200,4.08091e9,blended,2.6018292770701e7,9.963494300773e6,2.5486343692111e7
cross,convex_hull,1,400,4.11834e9,blended,2.6028838180167e7,1.0253772554521e7,2.5540393070726003e7
cross,convex_hull,1,50,3.96871e9,blended,2.5503727129155e7,9.342143169738e6,2.5544554459129e7
cross,convex_hull,1,800,4.12317e9,blended,2.6069461967065e7,1.0268121856457999e7,2.553950868949e7
per,conical_bounded,1,100,4.20725e9,blended,2.6018446773836e7,1.1005469927053e7,2.5531927679549e7
per,conical_bounded,1,20,4.20689e9,blended,2.601742071716e7,1.1e7,2.5542829873909e7
per,conical_bounded,1,200,4.0997e9,blended,2.6029549379187997e7,1.0102542177523e7,2.5523385826271e7
per,conical_bounded,1,400,4.09035e9,blended,2.6031487616184e7,1.0033156730973998e7,2.5488489609649003e7
per,conical_bounded,1,50,4.11647e9,blended,2.6018446773836e7,1.0255602554421e7,2.5502878277676e7
per,conical_bounded,1,800,4.0268e9,blended,2.6058532714476e7,9.482166784450999e6,2.5498186015015002e7
per,convex_hull,1,100,4.20762e9,blended,2.6027286241722997e7,1.1e7,2.5541921193308e7
per,convex_hull,1,20,4.21032e9,blended,2.601742071716e7,1.1e7,2.5642726920647e7
per,convex_hull,1,200,4.21011e9,blended,2.6026698186222e7,1.1020381638924e7,2.5544742734926e7
per,convex_hull,1,400,4.21512e9,blended,2.6059386110078e7,1.1037812949721001e7,2.5556295839416e7
per,convex_hull,1,50,4.20664e9,blended,2.6019029820543e7,1.1e7,2.5531927679549e7
per,convex_hull,1,800,4.12741e9,blended,2.6060827299688e7,1.0314392490699003e7,2.5521178953006e7
cross,k_medoids,1005471400,100,4.21794e9,blended,2.606449615542e7,1.105903686733e7,2.5552931212975e7
cross,k_medoids,1262311769,100,4.20943e9,blended,2.6019366753937e7,1.1010608027758e7,2.5575532503062002e7
cross,k_medoids,1400059389,100,4.22557e9,blended,2.601947037626e7,1.1134413619987e7,2.5613655952988997e7
cross,k_medoids,1693313909,100,4.21037e9,blended,2.6020628849134e7,1.1029353248859e7,2.5534624777149003e7
cross,k_medoids,2483487299,100,4.21034e9,blended,2.6018694814149998e7,1.1018874617917001e7,2.5574607569036003e7
cross,k_medoids,2529186237,100,4.21801e9,blended,2.6047554802245e7,1.1064242603183001e7,2.5574904770005997e7
cross,k_medoids,2910484191,100,4.22255e9,blended,2.601945370667e7,1.1105636813515e7,2.5625921192875e7
cross,k_medoids,2931455462,100,4.20919e9,blended,2.6019387143609e7,1.1009874014433e7,2.5571138805676002e7
cross,k_medoids,3631457564,100,4.21924e9,blended,2.6019491431084e7,1.1102068393525e7,2.5542117549595997e7
cross,k_medoids,472808301,100,4.21275e9,blended,2.6019258700721e7,1.1e7,2.5709435570834998e7
cross,k_medoids,1516602964,20,4.09112e9,blended,2.6019264630327e7,1.0000425096216e7,2.5652507277208e7
cross,k_medoids,1886534858,20,4.09293e9,blended,2.6020361573366e7,1.0041816794487e7,2.5558553537197e7
cross,k_medoids,2317698438,20,4.20651e9,blended,2.6018973773579e7,1.1e7,2.5528437411441002e7
cross,k_medoids,2466700586,20,4.09174e9,blended,2.6018973773579e7,1.0005820315017e7,2.5652507277208e7
cross,k_medoids,2692059346,20,4.20671e9,blended,2.6019682010151e7,1.1e7,2.5532636428994e7
cross,k_medoids,3032526906,20,4.08483e9,blended,2.6020361573366e7,1.0006658629901e7,2.5445315434123002e7
cross,k_medoids,3214418042,20,4.00696e9,blended,2.6019736831681e7,9.331908777288e6,2.5531755784463e7
cross,k_medoids,3217763985,20,4.21029e9,blended,2.6020075922542e7,1.1010608027758e7,2.5598957451791e7
cross,k_medoids,3272403283,20,4.08661e9,blended,2.601947037626e7,1.0000533472156e7,2.5520347968772e7
cross,k_medoids,408956147,20,4.08696e9,blended,2.6018973773579e7,9.921700771377e6,2.5806682022976e7
cross,k_medoids,1040218444,200,4.22589e9,blended,2.6019046250873e7,1.1111617799828999e7,2.5703254590195004e7
cross,k_medoids,1498923158,200,4.21401e9,blended,2.6019250693974e7,1.1018874617917001e7,2.5680249554071e7
cross,k_medoids,1571330722,200,4.21864e9,blended,2.6027321666128997e7,1.1073604533774e7,2.560611826853e7
cross,k_medoids,2110474755,200,4.21936e9,blended,2.6033038056635e7,1.1092384260968e7,2.5548778338351e7
cross,k_medoids,2358156674,200,4.21681e9,blended,2.6019232402726e7,1.1075834147769e7,2.5563199918684e7
cross,k_medoids,2454944798,200,4.21161e9,blended,2.6020842294097e7,1.1031718826944e7,2.5562012872973997e7
cross,k_medoids,3126457023,200,4.21533e9,blended,2.6043446656629e7,1.1048665606677e7,2.5560496644178e7
cross,k_medoids,4093639103,200,4.2174e9,blended,2.6048013233438e7,1.1022049390637e7,2.5703254590195004e7
cross,k_medoids,4109171108,200,4.2241e9,blended,2.6024732188979e7,1.1134143836984001e7,2.5559964403766e7
cross,k_medoids,535977374,200,4.21494e9,blended,2.6018881558624e7,1.1055375472271e7,2.5580891942424e7
cross,k_medoids,2427280835,400,4.21724e9,blended,2.606473190043e7,1.1032211560269e7,2.5625465934311e7
cross,k_medoids,2619392602,400,4.21004e9,blended,2.6020996780568e7,1.1016368147279e7,2.5569481667195998e7
cross,k_medoids,2782517393,400,4.21875e9,blended,2.6036560865658e7,1.1086513423031999e7,2.5543576156395998e7
cross,k_medoids,312313452,400,4.16571e9,blended,2.6048567003444e7,1.0623838477638999e7,2.5585098084015e7
cross,k_medoids,31988942,400,4.21917e9,blended,2.6061901797613e7,1.1029292964901999e7,2.569805240824e7
cross,k_medoids,3299859308,400,4.22207e9,blended,2.602219819497e7,1.1112286941511e7,2.5582567890813e7
cross,k_medoids,3416848122,400,4.21003e9,blended,2.6019547630329e7,1.1023796563276e7,2.5546669179568e7
cross,k_medoids,4200777459,400,4.21211e9,blended,2.6020082917795e7,1.1029525751917e7,2.5585881421601e7
cross,k_medoids,562750908,400,4.22692e9,blended,2.6048816257039e7,1.1102538003181e7,2.569805240824e7
cross,k_medoids,938822533,400,4.21499e9,blended,2.6057055361916002e7,1.1044968034711e7,2.5532692037501e7
cross,k_medoids,123456789,50,4.20841e9,blended,2.6019500031173e7,1.1e7,2.5582419220017e7
cross,k_medoids,1286268702,50,4.20969e9,blended,2.6018317928677e7,1.1012964211936e7,2.5577165618966e7
cross,k_medoids,1308502331,50,4.23686e9,blended,2.6019867286999e7,1.1234381477025999e7,2.5593042084168e7
cross,k_medoids,1573928461,50,4.15609e9,blended,2.6087794651014e7,1.0524129029795e7,2.5564245169284e7
cross,k_medoids,1991051616,50,4.11328e9,blended,2.6044639056369e7,1.0183023671734e7,2.5604148425326005e7
cross,k_medoids,2678701235,50,4.09454e9,blended,2.6019756641738e7,1.0048540588305e7,2.5583238525817e7
cross,k_medoids,3861234567,50,4.20973e9,blended,2.6039217088131998e7,1.1e7,2.5576507642015003e7
cross,k_medoids,477073181,50,4.21284e9,blended,2.6018614819068e7,1.1003198333728e7,2.5702394371004e7
cross,k_medoids,876543210,50,4.13813e9,blended,2.6021928627454e7,1.0408811965498e7,2.5591639968106e7
cross,k_medoids,987654321,50,4.21235e9,blended,2.6019643328731e7,1.1040468093009e7,2.5555671886643e7
cross,k_medoids,1090113321,800,4.12377e9,blended,2.6041577873639e7,1.0290948455591999e7,2.5540095920930002e7
cross,k_medoids,1155602729,800,4.12305e9,blended,2.6037173784032002e7,1.0280132445382e7,2.5566736316034e7
cross,k_medoids,2122787014,800,4.12523e9,blended,2.606536747016e7,1.0280187087623e7,2.5566794347127e7
cross,k_medoids,2889623452,800,4.12886e9,blended,2.6029118343512997e7,1.0341945171571e7,2.5538834555866003e7
cross,k_medoids,3011269584,800,4.12909e9,blended,2.6038087013043e7,1.0336586054299999e7,2.5543793093167e7
cross,k_medoids,3664645650,800,4.12506e9,blended,2.6083368400296e7,1.0278161492734e7,2.5528152117258005e7
cross,k_medoids,3840754868,800,4.12084e9,blended,2.6031226382087998e7,1.0278334898842e7,2.5522081372618005e7
cross,k_medoids,4064985653,800,4.16446e9,blended,2.6048740682826e7,1.0627592438105e7,2.5535227402036e7
cross,k_medoids,4280644831,800,4.14554e9,blended,2.6057528838820998e7,1.0463432557480998e7,2.5536741934321e7
cross,k_medoids,856316037,800,4.16151e9,blended,2.6041526836464e7,1.061160149265e7,2.5521232683874004e7
cross,k_means,1005471400,100,4.07662e9,blended,2.6017844630307e7,9.919882198144e6,2.5514369637558002e7
cross,k_means,1262311769,100,4.08139e9,blended,2.6017299155259e7,9.921267956024999e6,2.5649595711118e7
cross,k_means,1400059389,100,4.08263e9,blended,2.6017514843501e7,9.922902825403e6,2.5679654448899e7
cross,k_means,1693313909,100,4.09096e9,blended,2.6017865888124e7,1.0006616688527e7,2.5629452947754e7
cross,k_means,2483487299,100,4.07977e9,blended,2.6017792438589e7,9.920513253620999e6,2.5604100918577e7
cross,k_means,2529186237,100,4.08073e9,blended,2.6017769948937e7,9.92111555525e6,2.5629840003184e7
cross,k_means,2910484191,100,4.08944e9,blended,2.6017051617257e7,1.0005811429949e7,2.5590007515404e7
cross,k_means,2931455462,100,4.08475e9,blended,2.6017477757825e7,9.922439185586e6,2.574312050449e7
cross,k_means,3631457564,100,4.07717e9,blended,2.6017844386107e7,9.923352973041e6,2.5518411994069003e7
cross,k_means,472808301,100,4.08876e9,blended,2.6017067542357e7,1.0006792876305e7,2.5566734654704e7
cross,k_means,1516602964,20,3.89581e9,blended,2.5256001875668e7,8.917809073742e6,2.545913006921e7
cross,k_means,1886534858,20,3.90354e9,blended,2.5313094169042e7,8.939974139832e6,2.5478508263815004e7
cross,k_means,2317698438,20,3.89768e9,blended,2.5256463950092003e7,8.917288804758e6,2.5514324423334e7
cross,k_means,2466700586,20,3.89652e9,blended,2.5256844292483002e7,8.916348516734999e6,2.5483053028239e7
cross,k_means,2692059346,20,3.89245e9,blended,2.5256773706623003e7,8.917475448322e6,2.5360886395912e7
cross,k_means,3032526906,20,3.89271e9,blended,2.522926547662e7,8.915373171373999e6,2.5437682132356e7
cross,k_means,3214418042,20,3.89388e9,blended,2.5270453849598e7,8.917772902610999e6,2.5370710241180003e7
cross,k_means,3217763985,20,3.89016e9,blended,2.5256781279431e7,8.915022401321e6,2.5302619574559998e7
cross,k_means,3272403283,20,3.89561e9,blended,2.5256499509793002e7,8.918188027616e6,2.5450918214167e7
cross,k_means,408956147,20,3.89406e9,blended,2.5270023743331e7,8.918060397222e6,2.5375793488158002e7
cross,k_means,1040218444,200,4.20823e9,blended,2.6017112601934e7,1.1e7,2.5582567890813e7
cross,k_means,1498923158,200,4.20631e9,blended,2.6017648477668e7,1.1e7,2.5525579521723e7
cross,k_means,1571330722,200,4.08884e9,blended,2.6017371621967e7,1.0009605473654e7,2.5558424968663003e7
cross,k_means,2110474755,200,4.20706e9,blended,2.601696997146e7,1.1e7,2.5548778338351e7
cross,k_means,2358156674,200,4.08991e9,blended,2.6017533229461e7,1.0011883940385e7,2.5581281045500003e7
cross,k_means,2454944798,200,4.20785e9,blended,2.6017534496128e7,1.1e7,2.5570618120226e7
cross,k_means,3126457023,200,4.08936e9,blended,2.60170704438e7,1.0009584385327e7,2.5574368152762e7
cross,k_means,4093639103,200,4.20844e9,blended,2.6016959281978e7,1.1e7,2.5589172697347e7
cross,k_means,4109171108,200,4.20788e9,blended,2.6016975804686e7,1.1e7,2.5572783461912e7
cross,k_means,535977374,200,4.08992e9,blended,2.6017492099305e7,1.0009871969277e7,2.5588698614777997e7
cross,k_means,2427280835,400,4.20827e9,blended,2.6017659662831e7,1.1e7,2.5582567890813e7
cross,k_means,2619392602,400,4.20812e9,blended,2.6017360085237e7,1.1e7,2.5578932580548e7
cross,k_means,2782517393,400,4.20715e9,blended,2.6017380414174e7,1.1e7,2.555067841133e7
cross,k_means,312313452,400,4.20829e9,blended,2.6017883288862e7,1.1e7,2.5582497574911e7
cross,k_means,31988942,400,4.20755e9,blended,2.6017467597671e7,1.1e7,2.5561954266967997e7
cross,k_means,3299859308,400,4.20847e9,blended,2.601725316962e7,1.1e7,2.5589172697347e7
cross,k_means,3416848122,400,4.20654e9,blended,2.6017371368304e7,1.1e7,2.5532791431204e7
cross,k_means,4200777459,400,4.20822e9,blended,2.601706267472e7,1.1e7,2.5582567890813e7
cross,k_means,562750908,400,4.20825e9,blended,2.6017371083764e7,1.1e7,2.5582567890813e7
cross,k_means,938822533,400,4.08992e9,blended,2.6018226490267e7,1.0021503262151e7,2.5546583180338e7
cross,k_means,123456789,50,4.07682e9,blended,2.6017834364994e7,9.908737399927998e6,2.5559269528063e7
cross,k_means,1286268702,50,4.02875e9,blended,2.6018278419517e7,9.491252690694e6,2.5613797311437e7
cross,k_means,1308502331,50,4.0132e9,blended,2.6018149806077e7,9.335075741057e6,2.5706017970196e7
cross,k_means,1573928461,50,4.01375e9,blended,2.6018288236343e7,9.334947955377e6,2.5721999659028e7
cross,k_means,1991051616,50,4.03069e9,blended,2.6017943111338e7,9.494190976186e6,2.5660989815357e7
cross,k_means,2678701235,50,4.0781e9,blended,2.6017720124681e7,9.908794169236999e6,2.5596548581911e7
cross,k_means,3861234567,50,4.09285e9,blended,2.6017216853649e7,1.000367720655e7,2.5696193524482e7
cross,k_means,477073181,50,4.02878e9,blended,2.6018118401302e7,9.495057938312e6,2.5602037353746e7
cross,k_means,876543210,50,4.0325e9,blended,2.6018010450028e7,9.493364522425e6,2.5716302977931004e7
cross,k_means,987654321,50,4.02827e9,blended,2.6017670305816e7,9.491349413909e6,2.5601019100983e7
cross,k_means,1090113321,800,4.20714e9,blended,2.6017981378326e7,1.1e7,2.554889295063e7
cross,k_means,1155602729,800,4.20744e9,blended,2.6018088568054e7,1.1e7,2.5557265048409e7
cross,k_means,2122787014,800,4.20892e9,blended,2.6023865162117e7,1.1002816655473e7,2.5577631881423e7
cross,k_means,2889623452,800,4.20697e9,blended,2.6017994148207e7,1.1e7,2.5543910969430003e7
cross,k_means,3011269584,800,4.20699e9,blended,2.6018446773836e7,1.1e7,2.5543576156395998e7
cross,k_means,3664645650,800,4.20655e9,blended,2.6018146850857e7,1.1e7,2.5531289057985e7
cross,k_means,3840754868,800,4.20641e9,blended,2.6018156311542e7,1.1e7,2.5527165320534e7
cross,k_means,4064985653,800,4.20802e9,blended,2.6018281622108e7,1.1010584567931e7,2.5536971349861998e7
cross,k_means,4280644831,800,4.20893e9,blended,2.601792092436e7,1.1014995134667e7,2.5548778338351e7
cross,k_means,856316037,800,4.20651e9,blended,2.6017653215998e7,1.1e7,2.5531289057985e7
per,k_medoids,1005471400,100,4.07129e9,blended,2.601939321263e7,9.862420203135e6,2.5555966095189e7
per,k_medoids,1262311769,100,3.99047e9,blended,2.6140815750412e7,9.106635532988e6,2.5564334362391997e7
per,k_medoids,1400059389,100,4.02707e9,blended,2.6019475775443e7,9.492119682817e6,2.5559215453862e7
per,k_medoids,1693313909,100,4.05209e9,blended,2.6028234105257e7,9.703217368409999e6,2.5532125252551e7
per,k_medoids,2483487299,100,4.03345e9,blended,2.5505939220893e7,9.871715534609e6,2.5578326465446997e7
per,k_medoids,2529186237,100,4.08485e9,blended,2.6025189493143e7,9.961661694693998e6,2.5591977105506e7
per,k_medoids,2910484191,100,4.0045e9,blended,2.6021724230787e7,9.304203847522e6,2.5552273801524e7
per,k_medoids,2931455462,100,4.11855e9,blended,2.6078368472693e7,1.0219011779669e7,2.5556000975294e7
per,k_medoids,3631457564,100,4.11146e9,blended,2.6109674852973e7,1.0137875024807999e7,2.556201964115e7
per,k_medoids,472808301,100,4.09737e9,blended,2.6109070771645e7,1.0015819173269e7,2.5578751042304e7
per,k_medoids,1516602964,20,3.29806e9,blended,2.4006282896220997e7,6.355951477801e6,1.9800427801725004e7
per,k_medoids,1886534858,20,3.29806e9,blended,2.4006282896220997e7,6.355951477801e6,1.9800427801725004e7
per,k_medoids,2317698438,20,3.29806e9,blended,2.4006282896220997e7,6.355951477801e6,1.9800427801725004e7
per,k_medoids,2466700586,20,3.29806e9,blended,2.4006282896220997e7,6.355951477801e6,1.9800427801725004e7
per,k_medoids,2692059346,20,3.29806e9,blended,2.4006282896220997e7,6.355951477801e6,1.9800427801725004e7
per,k_medoids,3032526906,20,3.29806e9,blended,2.4006282896220997e7,6.355951477801e6,1.9800427801725004e7
per,k_medoids,3214418042,20,3.29806e9,blended,2.4006282896220997e7,6.355951477801e6,1.9800427801725004e7
per,k_medoids,3217763985,20,3.29806e9,blended,2.4006282896220997e7,6.355951477801e6,1.9800427801725004e7
per,k_medoids,3272403283,20,3.29806e9,blended,2.4006282896220997e7,6.355951477801e6,1.9800427801725004e7
per,k_medoids,408956147,20,3.29806e9,blended,2.4006282896220997e7,6.355951477801e6,1.9800427801725004e7
per,k_medoids,1040218444,200,4.09289e9,blended,2.6081622409542e7,1.0004643420382999e7,2.5549139904457003e7
per,k_medoids,1498923158,200,4.2144e9,blended,2.6083829719655e7,1.1081463510666e7,2.5327858029503003e7
per,k_medoids,1571330722,200,4.09914e9,blended,2.6113489258326e7,1.0034518984462999e7,2.5555162292819e7
per,k_medoids,2110474755,200,4.1204e9,blended,2.6113111992094e7,1.0201819540315999e7,2.5591677484606e7
per,k_medoids,2358156674,200,4.09624e9,blended,2.6111840204060998e7,1.0003508719959e7,2.5582551278707e7
per,k_medoids,2454944798,200,4.09342e9,blended,2.6034465627508e7,1.0026785087894998e7,2.5593596618786e7
per,k_medoids,3126457023,200,4.09262e9,blended,2.6028247899777003e7,1.0035050353425e7,2.5555271534329005e7
per,k_medoids,4093639103,200,4.11257e9,blended,2.6030725505187e7,1.0208320738936e7,2.5526659837621e7
per,k_medoids,4109171108,200,4.18673e9,blended,2.6109706207792e7,1.0748442296977e7,2.5625047904663e7
per,k_medoids,535977374,200,4.10283e9,blended,2.6080654909971002e7,1.0069839033135e7,2.5613399844378e7
per,k_medoids,2427280835,400,4.1091e9,blended,2.6167659376644e7,1.0087520896397999e7,2.5538221488606002e7
per,k_medoids,2619392602,400,4.09963e9,blended,2.6070971020868998e7,1.0074207553877998e7,2.5526727171633e7
per,k_medoids,2782517393,400,4.11768e9,blended,2.609898111409e7,1.0209393303498998e7,2.5517902597229e7
per,k_medoids,312313452,400,4.13057e9,blended,2.610656098038e7,1.0307804034864e7,2.55329812309e7
per,k_medoids,31988942,400,4.12672e9,blended,2.6069423874725e7,1.0294471944259001e7,2.5551036775346003e7
per,k_medoids,3299859308,400,4.11387e9,blended,2.6083377881017e7,1.0177278195710002e7,2.5553947201651e7
per,k_medoids,3416848122,400,4.09378e9,blended,2.6081093507694002e7,1.0011092399424e7,2.5553566646976e7
per,k_medoids,4200777459,400,4.09887e9,blended,2.61111627721e7,1.0030390330657e7,2.556682448079e7
per,k_medoids,562750908,400,4.21669e9,blended,2.6050440033775e7,1.1060242599958e7,2.5543894237623002e7
per,k_medoids,938822533,400,4.1077e9,blended,2.6101190586409003e7,1.0101197225708999e7,2.5599696736186e7
per,k_medoids,123456789,50,3.96448e9,blended,2.5339766491727e7,9.388000648795e6,2.5630864114027e7
per,k_medoids,1286268702,50,4.01367e9,blended,2.5584651727972e7,9.658456978671e6,2.5568737810196e7
per,k_medoids,1308502331,50,3.92921e9,blended,2.6023454260894e7,8.658315820746e6,2.5607722496907e7
per,k_medoids,1573928461,50,4.03539e9,blended,2.602518798016e7,9.557848984859e6,2.5559674686675e7
per,k_medoids,1991051616,50,3.97132e9,blended,2.6021582115547e7,9.015312665355999e6,2.5593610724361002e7
per,k_medoids,2678701235,50,4.01122e9,blended,2.5534185680009e7,9.653456562718999e6,2.5628383486213002e7
per,k_medoids,3861234567,50,4.04186e9,blended,2.60239630608e7,9.625169114298e6,2.5516034929787003e7
per,k_medoids,477073181,50,4.04916e9,blended,2.602578740921e7,9.680693793180998e6,2.5530790681607e7
per,k_medoids,876543210,50,4.01078e9,blended,2.6023547135356e7,9.338479786982e6,2.5611337868832e7
per,k_medoids,987654321,50,3.99981e9,blended,2.6107361942493998e7,9.215043307078999e6,2.5533668172921e7
per,k_medoids,1090113321,800,4.10654e9,blended,2.6087721370128e7,1.0115226679488e7,2.5547246882188e7
per,k_medoids,1155602729,800,4.11011e9,blended,2.6057881399168e7,1.0162454684361e7,2.5553580372289002e7
per,k_medoids,2122787014,800,4.12133e9,blended,2.6193729068448e7,1.0173452707046e7,2.5536023503636e7
per,k_medoids,2889623452,800,4.12435e9,blended,2.6070286661477e7,1.0278934742389001e7,2.5534240089174e7
per,k_medoids,3011269584,800,4.10892e9,blended,2.606483286434e7,1.0152250099437999e7,2.5538897157481e7
per,k_medoids,3664645650,800,4.10867e9,blended,2.6095635469133e7,1.0126607552326e7,2.5551584258294e7
per,k_medoids,3840754868,800,4.11677e9,blended,2.6104082320202e7,1.0189658642262997e7,2.5548599299635e7
per,k_medoids,4064985653,800,4.11982e9,blended,2.6103763530223e7,1.0214685743677e7,2.5551101910379004e7
per,k_medoids,4280644831,800,4.12371e9,blended,2.6084045917647e7,1.0260220207422e7,2.554997833785e7
per,k_medoids,856316037,800,4.10636e9,blended,2.6056444110122e7,1.0136646870770998e7,2.553785132015e7
per,k_means,1005471400,100,3.85215e9,blended,2.5164650124447998e7,8.634804849106e6,2.5380476027124003e7
per,k_means,1262311769,100,3.85738e9,blended,2.5232346713403996e7,8.632340530164e6,2.5388897546514e7
per,k_means,1400059389,100,3.85218e9,blended,2.5155224337647e7,8.636897122907e6,2.5395078184625e7
per,k_means,1693313909,100,3.87396e9,blended,2.5314152605903e7,8.728729715361001e6,2.5351313995002e7
per,k_means,2483487299,100,3.85197e9,blended,2.5154715247302998e7,8.6334530632e6,2.5402204424324e7
per,k_means,2529186237,100,3.85275e9,blended,2.515363666297e7,8.635819683015e6,2.5419139232116003e7
per,k_means,2910484191,100,3.84352e9,blended,2.5131810193907e7,8.634047612887e6,2.5205721174621e7
per,k_means,2931455462,100,3.85176e9,blended,2.5154767449689e7,8.633747786684e6,2.5394899539146e7
per,k_means,3631457564,100,3.84961e9,blended,2.5153450353737e7,8.635028066837e6,2.5330863392325e7
per,k_means,472808301,100,3.85368e9,blended,2.5177254463298e7,8.63484520064e6,2.5396450856536e7
per,k_means,1516602964,20,1.83644e9,blended,1.3097191374525e7,2.49312593732e6,1.5280730243656e7
per,k_means,1886534858,20,1.83644e9,blended,1.3097191374525e7,2.49312593732e6,1.5280730243656e7
per,k_means,2317698438,20,1.83644e9,blended,1.3097191374525e7,2.49312593732e6,1.5280730243656e7
per,k_means,2466700586,20,1.83644e9,blended,1.3097191374525e7,2.49312593732e6,1.5280730243656e7
per,k_means,2692059346,20,1.83644e9,blended,1.3097191374525e7,2.49312593732e6,1.5280730243656e7
per,k_means,3032526906,20,1.83644e9,blended,1.3097191374525e7,2.49312593732e6,1.5280730243656e7
per,k_means,3214418042,20,1.83644e9,blended,1.3097191374525e7,2.49312593732e6,1.5280730243656e7
per,k_means,3217763985,20,1.83644e9,blended,1.3097191374525e7,2.49312593732e6,1.5280730243656e7
per,k_means,3272403283,20,1.83644e9,blended,1.3097191374525e7,2.49312593732e6,1.5280730243656e7
per,k_means,408956147,20,1.83644e9,blended,1.3097191374525e7,2.49312593732e6,1.5280730243656e7
per,k_means,1040218444,200,3.8875e9,blended,2.5448650548952997e7,8.734424985076e6,2.5422662865103e7
per,k_means,1498923158,200,3.99997e9,blended,2.6018880027069e7,9.339907630222e6,2.5302310873693e7
per,k_means,1571330722,200,3.93022e9,blended,2.6019526873289e7,8.660362393664e6,2.5638782073879e7
per,k_means,2110474755,200,3.93039e9,blended,2.6021850980438e7,8.751154176211e6,2.5321988471741002e7
per,k_means,2358156674,200,3.97347e9,blended,2.6026720393797e7,9.013805982118e6,2.5649910378872e7
per,k_means,2454944798,200,3.96196e9,blended,2.6018714253141e7,9.015183672752999e6,2.5327857701367002e7
per,k_means,3126457023,200,3.88055e9,blended,2.5506027076835e7,8.659652053406e6,2.5351721728440996e7
per,k_means,4093639103,200,3.9282e9,blended,2.5448763452168e7,9.013930200827999e6,2.5632980378837e7
per,k_means,4109171108,200,3.99938e9,blended,2.6019337396498e7,9.336276059612999e6,2.5296714170381e7
per,k_means,535977374,200,3.99532e9,blended,2.6019006092007e7,9.211617176797e6,2.5613901623288002e7
per,k_means,2427280835,400,4.02966e9,blended,2.6019579510527e7,9.498925845238e6,2.5610760320524003e7
per,k_means,2619392602,400,4.01407e9,blended,2.6019794158977e7,9.367200473542e6,2.5615442736105002e7
per,k_means,2782517393,400,4.01118e9,blended,2.601976898214e7,9.347726386852e6,2.5599393136697e7
per,k_means,312313452,400,4.08139e9,blended,2.6018963223794e7,9.931200477179e6,2.5611345373088002e7
per,k_means,31988942,400,4.03149e9,blended,2.6019197810699e7,9.514647904323999e6,2.5610153857424002e7
per,k_means,3299859308,400,4.02872e9,blended,2.601876972172e7,9.501020346559e6,2.5577986221884e7
per,k_means,3416848122,400,4.07874e9,blended,2.601912433511e7,9.913101137507e6,2.5596977134846002e7
per,k_means,4200777459,400,4.08017e9,blended,2.6019135183417e7,9.923889350529999e6,2.5600861728374e7
per,k_means,562750908,400,4.02893e9,blended,2.6018560086238e7,9.506992566323e6,2.5563544407712e7
per,k_means,938822533,400,4.07163e9,blended,2.6019701364039e7,9.842994097883e6,2.5632998621044002e7
per,k_means,123456789,50,3.79711e9,blended,2.5060300636615e7,8.632336783994e6,2.4021224600042e7
per,k_means,1286268702,50,3.67482e9,blended,2.5082468951565e7,7.6326901254630005e6,2.3895779331076004e7
per,k_means,1308502331,50,3.63651e9,blended,2.5079413777588e7,7.508304558503e6,2.3220653204794e7
per,k_means,1573928461,50,3.80891e9,blended,2.5131061197882e7,8.632959219857e6,2.420326547669e7
per,k_means,1991051616,50,3.67289e9,blended,2.5081780463162996e7,7.6315771819090005e6,2.3845093948680997e7
per,k_means,2678701235,50,3.67656e9,blended,2.5081111954359997e7,7.633191918277e6,2.3947832376342e7
per,k_means,3861234567,50,3.67771e9,blended,2.5079844748905998e7,7.633890048872001e6,2.3981639775172003e7
per,k_means,477073181,50,3.79852e9,blended,2.5082199453262e7,8.63287485801e6,2.4011277557588e7
per,k_means,876543210,50,3.6656e9,blended,2.506005860054e7,7.632437769825e6,2.3678513644881e7
per,k_means,987654321,50,3.68784e9,blended,2.5079754903070997e7,7.633828752990001e6,2.4276942388632998e7
per,k_means,1090113321,800,4.08329e9,blended,2.6019211528266e7,9.963487143601e6,2.5553512007536e7
per,k_means,1155602729,800,4.0838e9,blended,2.6020835498636e7,9.960146085912e6,2.5576254438126e7
per,k_means,2122787014,800,4.08703e9,blended,2.60196217301e7,9.994113541493999e6,2.5554827729536e7
per,k_means,2889623452,800,4.08773e9,blended,2.6022735414282e7,9.993373349933e6,2.5570609130373e7
per,k_means,3011269584,800,4.0867e9,blended,2.6019934464707e7,9.983940350945e6,2.5579912318174e7
per,k_means,3664645650,800,4.081e9,blended,2.6020226677481e7,9.941762400317999e6,2.5560321305722002e7
per,k_means,3840754868,800,4.08716e9,blended,2.6020833769062e7,9.986973881953e6,2.5580724323018e7
per,k_means,4064985653,800,4.08096e9,blended,2.601934712281e7,9.942676253039999e6,2.5557945319027e7
per,k_means,4280644831,800,4.08263e9,blended,2.6021183438859e7,9.953220029268999e6,2.5565543159366e7
per,k_means,856316037,800,4.08233e9,blended,2.6026948104866e7,9.949548474891998e6,2.5556747395103e7
cross,conical_bounded,1,100,3.80354e9,extreme,2.5387596895216e7,8.697536355544e6,2.3244049704056002e7
cross,conical_bounded,1,20,4.20906e9,extreme,2.6018311384953e7,1.1e7,2.560410323225e7
cross,conical_bounded,1,200,3.46738e9,extreme,2.4232793552142e7,7.433671192741e6,2.0463272674992006e7
cross,conical_bounded,1,400,3.13506e9,extreme,2.2682386418274e7,6.197230067733001e6,1.858957319169e7
cross,conical_bounded,1,50,3.89963e9,extreme,2.5321043695706e7,9.017148736801999e6,2.5077493688644003e7
cross,conical_bounded,1,800,2.81322e9,extreme,2.0444650705507e7,5.528353187173999e6,1.6590651716026997e7
cross,convex_hull,1,100,3.85168e9,extreme,2.5109354746746e7,9.262108132805e6,2.3304080459250003e7
cross,convex_hull,1,20,4.20812e9,extreme,2.6020405230016e7,1.1e7,2.5571845789753005e7
cross,convex_hull,1,200,3.4268e9,extreme,2.408891413835e7,7.193905384237e6,2.0441613945988003e7
cross,convex_hull,1,400,3.10731e9,extreme,2.2727190709157e7,5.934456485891e6,1.8596957370425e7
cross,convex_hull,1,50,3.93337e9,extreme,2.5340283292884e7,9.275127144651001e6,2.5117378255433e7
cross,convex_hull,1,800,2.80399e9,extreme,2.0325313185257003e7,5.511128108874e6,1.6650671130103e7
per,conical_bounded,1,100,3.78871e9,extreme,2.5160695814813998e7,8.809212759337e6,2.2933862735501003e7
per,conical_bounded,1,20,4.20677e9,extreme,2.6018453949511e7,1.1e7,2.5536971349861998e7
per,conical_bounded,1,200,3.48519e9,extreme,2.4224159221145e7,7.607496927702e6,2.0395280143896002e7
per,conical_bounded,1,400,3.12836e9,extreme,2.289282942543e7,6.020387492907e6,1.8537032299221e7
per,conical_bounded,1,50,3.91281e9,extreme,2.5447816113672e7,9.045756902663e6,2.5076051504357e7
per,conical_bounded,1,800,2.86667e9,extreme,2.0661031988938004e7,5.846420162884999e6,1.6550751272305997e7
per,convex_hull,1,100,3.79371e9,extreme,2.5129993512417e7,8.779142774083e6,2.3253407359751e7
per,convex_hull,1,20,4.20626e9,extreme,2.601742071716e7,1.1e7,2.5524419091603e7
per,convex_hull,1,200,3.46304e9,extreme,2.4066527467951e7,7.538013378199001e6,2.0347571701716006e7
per,convex_hull,1,400,3.16106e9,extreme,2.2670836976935e7,6.438830138211999e6,1.8530259318037e7
per,convex_hull,1,50,3.90357e9,extreme,2.5314510428726e7,9.06680787518e6,2.5033907024139002e7
per,convex_hull,1,800,2.86587e9,extreme,2.0352563313725002e7,6.035232613947e6,1.6564032960011e7
cross,k_medoids,1005471400,100,3.79937e9,extreme,2.5141761801167e7,8.796828183895001e6,2.333008820845e7
cross,k_medoids,1262311769,100,3.81424e9,extreme,2.5087138284598e7,8.961582597358001e6,2.3311950589743003e7
cross,k_medoids,1400059389,100,3.79752e9,extreme,2.5088364409244e7,8.804342916538e6,2.3370466342015002e7
cross,k_medoids,1693313909,100,3.82624e9,extreme,2.5134809335721e7,9.01278980403e6,2.3375414445735e7
cross,k_medoids,2483487299,100,3.78575e9,extreme,2.5090719901237e7,8.708723511079e6,2.3355629535632e7
cross,k_medoids,2529186237,100,3.80753e9,extreme,2.5176307648074e7,8.820252895102e6,2.3408247270313002e7
cross,k_medoids,2910484191,100,3.80822e9,extreme,2.517759903621e7,8.849832978103e6,2.3322273053271998e7
cross,k_medoids,2931455462,100,3.81469e9,extreme,2.5292416174804e7,8.838807055870999e6,2.3290704277067997e7
cross,k_medoids,3631457564,100,3.8021e9,extreme,2.5092586573437e7,8.852430622691e6,2.3326603654276002e7
cross,k_medoids,472808301,100,3.79411e9,extreme,2.5144669779292e7,8.760064346309999e6,2.3298538377035e7
cross,k_medoids,1516602964,20,4.21013e9,extreme,2.6020055508428e7,1.1e7,2.5631421105058998e7
cross,k_medoids,1886534858,20,4.20879e9,extreme,2.6025418304514e7,1.1e7,2.5580264910658e7
cross,k_medoids,2317698438,20,4.20902e9,extreme,2.6024947908215e7,1.1e7,2.5588053901307e7
cross,k_medoids,2466700586,20,4.20955e9,extreme,2.6026438364987e7,1.1e7,2.5600012050937e7
cross,k_medoids,2692059346,20,4.20844e9,extreme,2.6030909900659e7,1.1e7,2.5557609534877e7
cross,k_medoids,3032526906,20,4.20779e9,extreme,2.6042092267531e7,1.1e7,2.5513407362413e7
cross,k_medoids,3214418042,20,4.2094e9,extreme,2.602032658648e7,1.1e7,2.5609310322486002e7
cross,k_medoids,3217763985,20,4.20988e9,extreme,2.6020361573366e7,1.1012446278609e7,2.5580036082802e7
cross,k_medoids,3272403283,20,4.20905e9,extreme,2.6019987838832e7,1.1e7,2.5600012050937e7
cross,k_medoids,408956147,20,4.20952e9,extreme,2.6029135658567e7,1.1e7,2.5592989910697002e7
cross,k_medoids,1040218444,200,3.54734e9,extreme,2.4155148106271002e7,8.176964562433e6,2.0375074371549003e7
cross,k_medoids,1498923158,200,3.38254e9,extreme,2.4046734991783e7,6.860848039291999e6,2.0408978105958004e7
cross,k_medoids,1571330722,200,3.44237e9,extreme,2.4060944369093e7,7.345771730999e6,2.0428380357688002e7
cross,k_medoids,2110474755,200,3.48584e9,extreme,2.4124889741877e7,7.651065455044e6,2.0485703152846e7
cross,k_medoids,2358156674,200,3.38843e9,extreme,2.4142715136624e7,6.844456006984999e6,2.0421460599295e7
cross,k_medoids,2454944798,200,3.45343e9,extreme,2.4281737238476e7,7.288001846618e6,2.0454545265520003e7
cross,k_medoids,3126457023,200,3.4488e9,extreme,2.42053126768e7,7.299908904878999e6,2.0450545266098e7
cross,k_medoids,4093639103,200,3.39663e9,extreme,2.4241951958178002e7,6.836947337567001e6,2.0463008095623e7
cross,k_medoids,4109171108,200,3.48905e9,extreme,2.4120971861471e7,7.700595578325e6,2.0415329903759003e7
cross,k_medoids,535977374,200,3.56575e9,extreme,2.4171533418047e7,8.296297925579e6,2.0457969766055003e7
cross,k_medoids,2427280835,400,3.13856e9,extreme,2.2888523978743e7,6.080291969335999e6,1.8634977932802e7
cross,k_medoids,2619392602,400,3.287e9,extreme,2.2895330530993003e7,7.314035536622999e6,1.8640649278284002e7
cross,k_medoids,2782517393,400,3.10118e9,extreme,2.2665168828550003e7,5.920471794699e6,1.8606722650876e7
cross,k_medoids,312313452,400,3.15373e9,extreme,2.2658347539660998e7,6.360159109037001e6,1.8619405090765e7
cross,k_medoids,31988942,400,3.20228e9,extreme,2.2804945525960002e7,6.6692183182890015e6,1.8625283159409e7
cross,k_medoids,3299859308,400,3.18186e9,extreme,2.2670756577645995e7,6.587522197709e6,1.8617705317057e7
cross,k_medoids,3416848122,400,3.19768e9,extreme,2.2658057864955e7,6.731714759406001e6,1.8604449131688e7
cross,k_medoids,4200777459,400,3.21506e9,extreme,2.2977895384999998e7,6.673159315531e6,1.8594255794323e7
cross,k_medoids,562750908,400,3.14036e9,extreme,2.2758527400369e7,6.180943585959001e6,1.8629159326705e7
cross,k_medoids,938822533,400,3.14148e9,extreme,2.2643620298538998e7,6.266597769764e6,1.8622080188366e7
cross,k_medoids,123456789,50,3.90011e9,extreme,2.5319743441486e7,8.981047154835999e6,2.5220436067895e7
cross,k_medoids,1286268702,50,3.90058e9,extreme,2.5325754284553e7,8.969828870328002e6,2.5259735935089e7
cross,k_medoids,1308502331,50,4.02187e9,extreme,2.5320708647191e7,1.0007337329672998e7,2.5185701723674e7
cross,k_medoids,1573928461,50,3.95898e9,extreme,2.5442687059331e7,9.380459511981e6,2.5265000717095997e7
cross,k_medoids,1991051616,50,3.94571e9,extreme,2.5449825314225e7,9.280885864283e6,2.5209841345606e7
cross,k_medoids,2678701235,50,3.9024e9,extreme,2.5338861358914e7,9.005457418704e6,2.5158910963985e7
cross,k_medoids,3861234567,50,3.91854e9,extreme,2.5341242300142e7,9.120901188145999e6,2.5221015542861e7
cross,k_medoids,477073181,50,3.8947e9,extreme,2.5316245027693e7,8.955029488196e6,2.5161432386428e7
cross,k_medoids,876543210,50,4.03868e9,extreme,2.5538399247541e7,1.0004986340543998e7,2.5193016718364e7
cross,k_medoids,987654321,50,3.90874e9,extreme,2.5317300822094e7,9.067460441635e6,2.5175946476414002e7
cross,k_medoids,1090113321,800,2.89414e9,extreme,2.0655523668991e7,6.047817851188e6,1.6660827777727e7
cross,k_medoids,1155602729,800,2.87213e9,extreme,2.0473245264899004e7,5.986763274079001e6,1.6643445207203003e7
cross,k_medoids,2122787014,800,2.82389e9,extreme,2.0401761270204004e7,5.632939127869999e6,1.6633309313575998e7
cross,k_medoids,2889623452,800,2.857e9,extreme,2.0633697692557003e7,5.764050335085001e6,1.6617926483123997e7
cross,k_medoids,3011269584,800,2.86577e9,extreme,2.0552344253577005e7,5.886338743603e6,1.6630071396262e7
cross,k_medoids,3664645650,800,2.89124e9,extreme,2.0387093565818004e7,6.220508045987e6,1.6578897699920999e7
cross,k_medoids,3840754868,800,2.8337e9,extreme,2.0388929230903e7,5.7247797846760005e6,1.6627707002916e7
cross,k_medoids,4064985653,800,2.90875e9,extreme,2.0630456044445004e7,6.1767179855039995e6,1.6693338395565e7
cross,k_medoids,4280644831,800,2.86534e9,extreme,2.053210046682e7,5.890327451551999e6,1.6649237062346e7
cross,k_medoids,856316037,800,2.88396e9,extreme,2.061281926091901e7,6.002691534646001e6,1.6618042150790999e7
cross,k_means,1005471400,100,3.7915e9,extreme,2.5085734185645e7,8.636306684158001e6,2.3786943938365e7
cross,k_means,1262311769,100,3.79171e9,extreme,2.5086356332504e7,8.637261341022e6,2.3788202782523002e7
cross,k_means,1400059389,100,3.79251e9,extreme,2.5086321952561e7,8.636634153733e6,2.3813820725371e7
cross,k_means,1693313909,100,3.79193e9,extreme,2.5085858749866e7,8.635710691514e6,2.3801305498188e7
cross,k_means,2483487299,100,3.7928e9,extreme,2.508785747681e7,8.633225732828e6,2.383055129436e7
cross,k_means,2529186237,100,3.79033e9,extreme,2.5088168571498e7,8.633543131194001e6,2.3756982764512997e7
cross,k_means,2910484191,100,3.79126e9,extreme,2.5085484257995e7,8.634852525398001e6,2.3785384326188e7
cross,k_means,2931455462,100,3.79114e9,extreme,2.5087321491568e7,8.635317838992e6,2.3776384342867e7
cross,k_means,3631457564,100,3.79072e9,extreme,2.5088726946405e7,8.635782581335e6,2.3759311554053e7
cross,k_means,472808301,100,3.79218e9,extreme,2.5086106108308e7,8.635280130739e6,2.3809468412777003e7
cross,k_means,1516602964,20,4.21202e9,extreme,2.6017778841863e7,1.1e7,2.5691473075867e7
cross,k_means,1886534858,20,4.21272e9,extreme,2.6018298635771e7,1.1e7,2.5710537241535e7
cross,k_means,2317698438,20,4.2129e9,extreme,2.6017878105326e7,1.1e7,2.5716802901752003e7
cross,k_means,2466700586,20,4.21385e9,extreme,2.6018258447717e7,1.1e7,2.5743776442222e7
cross,k_means,2692059346,20,4.21232e9,extreme,2.6018187861857e7,1.1e7,2.5699375119393e7
cross,k_means,3032526906,20,4.21256e9,extreme,2.6018437891956e7,1.1e7,2.5705707956001e7
cross,k_means,3214418042,20,4.21323e9,extreme,2.6018298871843e7,1.1e7,2.5725398240729e7
cross,k_means,3217763985,20,4.21359e9,extreme,2.6017453444431e7,1.1e7,2.5737983984975e7
cross,k_means,3272403283,20,4.21307e9,extreme,2.6018620865902e7,1.1e7,2.5720190297888998e7
cross,k_means,408956147,20,4.21329e9,extreme,2.6018380483233e7,1.1e7,2.5727118950437002e7
cross,k_means,1040218444,200,3.35038e9,extreme,2.4015984594023e7,6.516910065398e6,2.0741000081928004e7
cross,k_means,1498923158,200,3.35067e9,extreme,2.4008186589733e7,6.516787520722e6,2.0767378597745005e7
cross,k_means,1571330722,200,3.34997e9,extreme,2.4010562150922e7,6.514704435111e6,2.0749002402139004e7
cross,k_means,2110474755,200,3.35233e9,extreme,2.4009272206792e7,6.521515748113e6,2.0796646465431e7
cross,k_means,2358156674,200,3.34894e9,extreme,2.4013284445491e7,6.515194382247e6,2.0710928052128002e7
cross,k_means,2454944798,200,3.3507e9,extreme,2.402373686967e7,6.509482260528e6,2.0758592668309e7
cross,k_means,3126457023,200,3.34865e9,extreme,2.4010296155952998e7,6.514532763615e6,2.0711625486883003e7
cross,k_means,4093639103,200,3.35063e9,extreme,2.4010779103910998e7,6.515881498738e6,2.0763412846576e7
cross,k_means,4109171108,200,3.34865e9,extreme,2.4011880171485e7,6.51545984052e6,2.0704775088545002e7
cross,k_means,535977374,200,3.35038e9,extreme,2.4009354705773998e7,6.515756778538e6,2.0759742796738e7
cross,k_means,2427280835,400,3.06476e9,extreme,2.2563869887647e7,5.564021994528e6,1.9017200360224e7
cross,k_means,2619392602,400,3.06506e9,extreme,2.256055603683e7,5.569497552546e6,1.9014378285721e7
cross,k_means,2782517393,400,3.06529e9,extreme,2.2561926473845e7,5.556843927569e6,1.9062135409014e7
cross,k_means,312313452,400,3.06454e9,extreme,2.2567199918882e7,5.561638620320001e6,1.9011459620737e7
cross,k_means,31988942,400,3.06363e9,extreme,2.2561399047463004e7,5.562038689235e6,1.8996629975947e7
cross,k_means,3299859308,400,3.06436e9,extreme,2.2562481808192e7,5.558988508946001e6,1.9026153326048e7
cross,k_means,3416848122,400,3.06255e9,extreme,2.2562033783382002e7,5.559259944702e6,1.8973541069732e7
cross,k_means,4200777459,400,3.06473e9,extreme,2.2568564422952e7,5.563649098261001e6,1.900698588505e7
cross,k_means,562750908,400,3.06467e9,extreme,2.2560777359407e7,5.566363892054e6,1.9013249521278e7
cross,k_means,938822533,400,3.06405e9,extreme,2.2561071575656e7,5.557088744428e6,1.9026977084408e7
cross,k_means,123456789,50,3.8978e9,extreme,2.5315241005805e7,8.940534717101999e6,2.5304393404765997e7
cross,k_means,1286268702,50,3.89705e9,extreme,2.531666946593e7,8.939236203076e6,2.5283865044572998e7
cross,k_means,1308502331,50,3.89867e9,extreme,2.5315629856939e7,8.940596656954e6,2.5328696024437997e7
cross,k_means,1573928461,50,3.89754e9,extreme,2.5316077824646e7,8.940186096017e6,2.5296329632740002e7
cross,k_means,1991051616,50,3.8986e9,extreme,2.5315482777375e7,8.941341970867999e6,2.5324448356277e7
cross,k_means,2678701235,50,3.89752e9,extreme,2.531440114907e7,8.941005490240999e6,2.5296475967067e7
cross,k_means,3861234567,50,3.89803e9,extreme,2.5314716149615e7,8.939890114837e6,2.5314749492538e7
cross,k_means,477073181,50,3.8978e9,extreme,2.5316907677053e7,8.941415532923e6,2.529778258576e7
cross,k_means,876543210,50,3.89801e9,extreme,2.531644922117e7,8.939915893329998e6,2.530992704589e7
cross,k_means,987654321,50,3.89849e9,extreme,2.5315594450833e7,8.939801252317e6,2.5326243581644e7
cross,k_means,1090113321,800,2.74854e9,extreme,2.0137014224234e7,5.003905790560999e6,1.7228765586965e7
cross,k_means,1155602729,800,2.74735e9,extreme,2.0147180910163004e7,4.9840355299660005e6,1.7240504111224e7
cross,k_means,2122787014,800,2.74698e9,extreme,2.0135692797512002e7,4.991643965297e6,1.7229099318247996e7
cross,k_means,2889623452,800,2.75246e9,extreme,2.016019977369e7,5.022358603332e6,1.722621127337e7
cross,k_means,3011269584,800,2.74795e9,extreme,2.0134627441960998e7,4.993462420659999e6,1.7253389856485996e7
cross,k_means,3664645650,800,2.74622e9,extreme,2.0130223757905003e7,4.985264268166e6,1.7241509407953996e7
cross,k_means,3840754868,800,2.74861e9,extreme,2.0125077163709007e7,4.995557265449e6,1.7286669306566e7
cross,k_means,4064985653,800,2.74511e9,extreme,2.0138291794763003e7,4.97874165332e6,1.7213780646178998e7
cross,k_means,4280644831,800,2.74857e9,extreme,2.0129099578178003e7,5.007939622397e6,1.7233255856662e7
cross,k_means,856316037,800,2.74729e9,extreme,2.0127296220133007e7,4.999563044384999e6,1.7229182436920997e7
per,k_medoids,1005471400,100,3.7827e9,extreme,2.5156010811682995e7,8.745621257931001e6,2.2991121646991e7
per,k_medoids,1262311769,100,3.76018e9,extreme,2.5227122542685e7,8.520431076925e6,2.2960413658364e7
per,k_medoids,1400059389,100,3.77042e9,extreme,2.5084819823658995e7,8.699813653590001e6,2.2953662253461998e7
per,k_medoids,1693313909,100,3.75932e9,extreme,2.5104394506132998e7,8.586132793264e6,2.2982617607640002e7
per,k_medoids,2483487299,100,3.84971e9,extreme,2.5157427725860998e7,9.294452388237e6,2.3025719947472997e7
per,k_medoids,2529186237,100,3.749e9,extreme,2.5093235550225995e7,8.502372186993001e6,2.2999540942058e7
per,k_medoids,2910484191,100,3.74867e9,extreme,2.5087378534683995e7,8.501366982238002e6,2.3006519968096e7
per,k_medoids,2931455462,100,3.8165e9,extreme,2.5129318332860995e7,9.042396184592e6,2.3000949571666e7
per,k_medoids,3631457564,100,3.7792e9,extreme,2.5199241974317998e7,8.708435466603e6,2.2921527116339996e7
per,k_medoids,472808301,100,3.76659e9,extreme,2.5203835835899e7,8.578412091129e6,2.2997316337072e7
per,k_medoids,1516602964,20,4.20736e9,extreme,2.6021564838469e7,1.1e7,2.5547261990656e7
per,k_medoids,1886534858,20,4.20736e9,extreme,2.6021564838469e7,1.1e7,2.5547261990656e7
per,k_medoids,2317698438,20,4.20736e9,extreme,2.6021564838469e7,1.1e7,2.5547261990656e7
per,k_medoids,2466700586,20,4.20736e9,extreme,2.6021564838469e7,1.1e7,2.5547261990656e7
per,k_medoids,2692059346,20,4.20736e9,extreme,2.6021564838469e7,1.1e7,2.5547261990656e7
per,k_medoids,3032526906,20,4.20736e9,extreme,2.6021564838469e7,1.1e7,2.5547261990656e7
per,k_medoids,3214418042,20,4.20736e9,extreme,2.6021564838469e7,1.1e7,2.5547261990656e7
per,k_medoids,3217763985,20,4.20736e9,extreme,2.6021564838469e7,1.1e7,2.5547261990656e7
per,k_medoids,3272403283,20,4.20736e9,extreme,2.6021564838469e7,1.1e7,2.5547261990656e7
per,k_medoids,408956147,20,4.20736e9,extreme,2.6021564838469e7,1.1e7,2.5547261990656e7
per,k_medoids,1040218444,200,3.46966e9,extreme,2.4135189950151e7,7.518770974324e6,2.0452881218868002e7
per,k_medoids,1498923158,200,3.57665e9,extreme,2.4249591552465998e7,8.346734131412e6,2.0423884462897e7
per,k_medoids,1571330722,200,3.39778e9,extreme,2.412774258738e7,6.920699163745e6,2.0461741002083004e7
per,k_medoids,2110474755,200,3.43927e9,extreme,2.4116670625053998e7,7.280315187746001e6,2.0440804272502e7
per,k_medoids,2358156674,200,3.47067e9,extreme,2.4192187913066e7,7.498304081731001e6,2.0425119029203e7
per,k_medoids,2454944798,200,3.35791e9,extreme,2.4074595270005e7,6.639520601482e6,2.0400656562119003e7
per,k_medoids,3126457023,200,3.46892e9,extreme,2.4198343293237e7,7.495847015147001e6,2.0369010478584003e7
per,k_medoids,4093639103,200,3.4208e9,extreme,2.4137437553386e7,7.125612869949001e6,2.0395721914683003e7
per,k_medoids,4109171108,200,3.46677e9,extreme,2.4102295073218e7,7.530665270960999e6,2.0401133785948e7
per,k_medoids,535977374,200,3.44337e9,extreme,2.4071461032341e7,7.339324782075001e6,2.0456472936799e7
per,k_medoids,2427280835,400,3.14028e9,extreme,2.2765842934076e7,6.19029021739e6,1.8577878258426003e7
per,k_medoids,2619392602,400,3.19187e9,extreme,2.271539976355e7,6.639055062145e6,1.8629067540781e7
per,k_medoids,2782517393,400,3.17819e9,extreme,2.2724059292450003e7,6.534794458028e6,1.8574646052283e7
per,k_medoids,312313452,400,3.17402e9,extreme,2.2776915155506e7,6.45310080748e6,1.861906909819e7
per,k_medoids,31988942,400,3.15316e9,extreme,2.2913583610505e7,6.188593524197e6,1.8625973650089998e7
per,k_medoids,3299859308,400,3.12146e9,extreme,2.268820786818e7,6.071961017538001e6,1.8617362689289e7
per,k_medoids,3416848122,400,3.17198e9,extreme,2.2831473706853002e7,6.405591886575e6,1.8602437221987996e7
per,k_medoids,4200777459,400,3.14241e9,extreme,2.2688089439034e7,6.248085452362e6,1.8613631828260995e7
per,k_medoids,562750908,400,3.17e9,extreme,2.2751000667937003e7,6.444615020109e6,1.8589962190426e7
per,k_medoids,938822533,400,3.17751e9,extreme,2.2732912935753e7,6.507239613013001e6,1.8631042910498e7
per,k_medoids,123456789,50,3.90259e9,extreme,2.5322355939623e7,8.992821844439998e6,2.5245761466788e7
per,k_medoids,1286268702,50,3.90458e9,extreme,2.5317663683903e7,9.021351350155e6,2.5214628510122e7
per,k_medoids,1308502331,50,3.8936e9,extreme,2.53191373398e7,8.941403714389998e6,2.5170407390276e7
per,k_medoids,1573928461,50,3.9022e9,extreme,2.5372548831191998e7,8.968427319641e6,2.5206274800916e7
per,k_medoids,1991051616,50,3.937e9,extreme,2.5317655553662e7,9.282656399927e6,2.5247820553096004e7
per,k_medoids,2678701235,50,3.91534e9,extreme,2.5552388520772e7,8.968202922778e6,2.5184555215501e7
per,k_medoids,3861234567,50,3.89371e9,extreme,2.5323818153572e7,8.939331308296999e6,2.517037896991e7
per,k_medoids,477073181,50,3.89938e9,extreme,2.5320785548588e7,8.995934901162e6,2.5144736351777e7
per,k_medoids,876543210,50,3.89683e9,extreme,2.5325516982593e7,8.941205509048e6,2.525088090996e7
per,k_medoids,987654321,50,3.93891e9,extreme,2.5406065994570002e7,9.259399921745999e6,2.5185271457785003e7
per,k_medoids,1090113321,800,2.80509e9,extreme,2.0434025217076e7,5.45749619138e6,1.6624811666782998e7
per,k_medoids,1155602729,800,2.88549e9,extreme,2.047059827733e7,6.116922765102999e6,1.6584463145336997e7
per,k_medoids,2122787014,800,2.82618e9,extreme,2.0397396881702006e7,5.660806906569e6,1.6612593075768e7
per,k_medoids,2889623452,800,2.82755e9,extreme,2.0387304094256e7,5.689227367134e6,1.6576227405970002e7
per,k_medoids,3011269584,800,2.8451e9,extreme,2.0391208204611007e7,5.829757311407e6,1.6588474231827999e7
per,k_medoids,3664645650,800,2.82277e9,extreme,2.0385567876313e7,5.643911626205999e6,1.6598878133126996e7
per,k_medoids,3840754868,800,2.90608e9,extreme,2.0663079611035e7,6.151332985488e6,1.6630572788674999e7
per,k_medoids,4064985653,800,2.89627e9,extreme,2.0600132844363e7,6.111179273929e6,1.6626784333833998e7
per,k_medoids,4280644831,800,2.8739e9,extreme,2.047051690751e7,6.000445052993e6,1.6653404834255999e7
per,k_medoids,856316037,800,2.83933e9,extreme,2.0506697099385004e7,5.699393693062e6,1.6614818988628998e7
per,k_means,1005471400,100,3.7569e9,extreme,2.5084154124544997e7,8.426441815072e6,2.3514544148118e7
per,k_means,1262311769,100,3.75607e9,extreme,2.5083862808706995e7,8.425228605486998e6,2.3495323216895e7
per,k_means,1400059389,100,3.75575e9,extreme,2.5084287288368996e7,8.428939298293998e6,2.3472043873062998e7
per,k_means,1693313909,100,3.75601e9,extreme,2.5083131865354996e7,8.426203543570999e6,2.3491845803211e7
per,k_means,2483487299,100,3.7558e9,extreme,2.5083514780457996e7,8.425596576623999e6,2.3486872785702e7
per,k_means,2529186237,100,3.75791e9,extreme,2.5082194622450996e7,8.428116264424e6,2.3542589706454e7
per,k_means,2910484191,100,3.75651e9,extreme,2.5084213668935996e7,8.425498162959998e6,2.3506388914697e7
per,k_means,2931455462,100,3.75574e9,extreme,2.5083493465745997e7,8.425925124418e6,2.3484054642846e7
per,k_means,3631457564,100,3.75655e9,extreme,2.5084017374234997e7,8.426001990898998e6,2.3506200491755e7
per,k_means,472808301,100,3.75679e9,extreme,2.5084104216076996e7,8.426372204496e6,2.3511632003634e7
per,k_means,1516602964,20,4.20993e9,extreme,2.6016959281978e7,1.1e7,2.5632343350231003e7
per,k_means,1886534858,20,4.20993e9,extreme,2.6016959281978e7,1.1e7,2.5632343350231003e7
per,k_means,2317698438,20,4.20993e9,extreme,2.6016959281978e7,1.1e7,2.5632343350231003e7
per,k_means,2466700586,20,4.20993e9,extreme,2.6016959281978e7,1.1e7,2.5632343350231003e7
per,k_means,2692059346,20,4.20993e9,extreme,2.6016959281978e7,1.1e7,2.5632343350231003e7
per,k_means,3032526906,20,4.20993e9,extreme,2.6016959281978e7,1.1e7,2.5632343350231003e7
per,k_means,3214418042,20,4.20993e9,extreme,2.6016959281978e7,1.1e7,2.5632343350231003e7
per,k_means,3217763985,20,4.20993e9,extreme,2.6016959281978e7,1.1e7,2.5632343350231003e7
per,k_means,3272403283,20,4.20993e9,extreme,2.6016959281978e7,1.1e7,2.5632343350231003e7
per,k_means,408956147,20,4.20993e9,extreme,2.6016959281978e7,1.1e7,2.5632343350231003e7
per,k_means,1040218444,200,3.35071e9,extreme,2.4009459251503e7,6.515129413806e6,2.0771518490639e7
per,k_means,1498923158,200,3.34924e9,extreme,2.4007437235760998e7,6.516713406174e6,2.0727572670639e7
per,k_means,1571330722,200,3.35078e9,extreme,2.4010459745947e7,6.512315112687e6,2.0781100188617997e7
per,k_means,2110474755,200,3.36918e9,extreme,2.4097586715266e7,6.634629403871e6,2.0694186676128e7
per,k_means,2358156674,200,3.37913e9,extreme,2.4011220534097e7,6.748175889577e6,2.0782449962650005e7
per,k_means,2454944798,200,3.34862e9,extreme,2.4007789357044e7,6.516356381206e6,2.0710105971982002e7
per,k_means,3126457023,200,3.35767e9,extreme,2.4015854294365e7,6.575521600877999e6,2.0749239341145e7
per,k_means,4093639103,200,3.3508e9,extreme,2.4013396426275e7,6.508304558503e6,2.0788990718271002e7
per,k_means,4109171108,200,3.34749e9,extreme,2.4012015182788998e7,6.510437803288e6,2.0688228571358003e7
per,k_means,535977374,200,3.35056e9,extreme,2.4009586481738e7,6.513468880212e6,2.0772651139023002e7
per,k_means,2427280835,400,3.06579e9,extreme,2.2568702896238998e7,5.562224660991001e6,1.9042514297448996e7
per,k_means,2619392602,400,3.0663e9,extreme,2.2589219807008e7,5.557641064528001e6,1.9027225310093995e7
per,k_means,2782517393,400,3.06224e9,extreme,2.2560645425389e7,5.565108264186e6,1.8947176063868e7
per,k_means,312313452,400,3.06431e9,extreme,2.256451210388e7,5.557204021854e6,1.9026510037696e7
per,k_means,31988942,400,3.06705e9,extreme,2.2585098571999e7,5.5673203217710005e6,1.9024490947434e7
per,k_means,3299859308,400,3.06354e9,extreme,2.2561486400428e7,5.557412362006e6,1.9010147023367997e7
per,k_means,3416848122,400,3.06585e9,extreme,2.2558881418073e7,5.56426546148e6,1.9059402966920998e7
per,k_means,4200777459,400,3.06698e9,extreme,2.2566849743062e7,5.595847861474e6,1.8964092674125005e7
per,k_means,562750908,400,3.07035e9,extreme,2.2557204981738e7,5.630447666607e6,1.8963401610143997e7
per,k_means,938822533,400,3.076e9,extreme,2.2560269778345e7,5.666902840863e6,1.8993907222121e7
per,k_means,123456789,50,3.90088e9,extreme,2.5313776060146e7,8.938471102449e6,2.5404543503231e7
per,k_means,1286268702,50,3.90092e9,extreme,2.5313058060147e7,8.939127283161e6,2.5405180304906e7
per,k_means,1308502331,50,3.90078e9,extreme,2.5311754815249e7,8.937922600685999e6,2.5408130604422998e7
per,k_means,1573928461,50,3.90136e9,extreme,2.5313265980618e7,8.939462000868998e6,2.541641645701e7
per,k_means,1991051616,50,3.9004e9,extreme,2.5314149790715e7,8.937899694183e6,2.5391940018547e7
per,k_means,2678701235,50,3.90273e9,extreme,2.5314385521335e7,8.938941784962999e6,2.5455460710116e7
per,k_means,3861234567,50,3.9013e9,extreme,2.5313453862901e7,8.939432058555e6,2.5414289163842e7
per,k_means,477073181,50,3.90024e9,extreme,2.5313072665954e7,8.939130917165998e6,2.5385377293119e7
per,k_means,876543210,50,3.90197e9,extreme,2.5313137212444e7,8.938826189071e6,2.5436621338209003e7
per,k_means,987654321,50,3.90188e9,extreme,2.5312224786775e7,8.940084812145999e6,2.5431562212764e7
per,k_means,1090113321,800,2.76106e9,extreme,2.0134486830587003e7,5.156538654828e6,1.7066656452615e7
per,k_means,1155602729,800,2.75413e9,extreme,2.0152757127361e7,5.084249469775001e6,1.7075925494062e7
per,k_means,2122787014,800,2.75851e9,extreme,2.0151030168146003e7,5.123648962915e6,1.7069811556633998e7
per,k_means,2889623452,800,2.76089e9,extreme,2.0164180474223003e7,5.134391071204e6,1.7072202963938996e7
per,k_means,3011269584,800,2.75922e9,extreme,2.0142489758518007e7,5.132430744603999e6,1.7079202992129996e7
per,k_means,3664645650,800,2.7627e9,extreme,2.0181868297618e7,5.139975583127001e6,1.706556833234e7
per,k_means,3840754868,800,2.75115e9,extreme,2.0171156109911002e7,5.053404906515001e6,1.7055104889674e7
per,k_means,4064985653,800,2.76935e9,extreme,2.0176468551694002e7,5.206385987595e6,1.7039701195916e7
per,k_means,4280644831,800,2.77593e9,extreme,2.0156309534708004e7,5.273056833884e6,1.7044304998529997e7
per,k_means,856316037,800,2.76254e9,extreme,2.0168023567405008e7,5.142439096811e6,1.7083594372623e7
cross,conical_bounded,1,100,1.50369e9,output,1.2195712453184001e7,2.6116030281360005e6,7.208979173272001e6
cross,conical_bounded,1,20,1.07925e9,output,9.566654725886999e6,837348.466527,6.957671194068998e6
cross,conical_bounded,1,200,1.56839e9,output,1.1531408052597e7,3.464420812691e6,7.616075130080999e6
cross,conical_bounded,1,400,1.6086e9,output,1.2163579781698e7,3.272220860616999e6,8.033106663266999e6
cross,conical_bounded,1,50,1.29267e9,output,1.0808467997289998e7,1.6929032444840001e6,7.392221128261e6
cross,conical_bounded,1,800,1.52122e9,output,1.2104654130003996e7,2.680459662142e6,7.684548379711999e6
cross,convex_hull,1,100,1.5378e9,output,1.0885440164834e7,3.752732791258e6,7.175222781750999e6
cross,convex_hull,1,20,1.06098e9,output,7.802458478940001e6,1.798781017924e6,7.047726525691999e6
cross,convex_hull,1,200,1.48259e9,output,1.1952947832375e7,2.5358391796790008e6,7.405524037868998e6
cross,convex_hull,1,400,1.41641e9,output,1.1299659568198001e7,2.390467021762e6,7.456913485225e6
cross,convex_hull,1,50,1.50973e9,output,1.1134029557107e7,3.371172600273e6,7.128231452754999e6
cross,convex_hull,1,800,1.45948e9,output,1.1226457884182e7,2.755737425466e6,7.602506530261001e6
per,conical_bounded,1,100,1.48297e9,output,1.0749499852186e7,3.3374416440400006e6,7.332768221941001e6
per,conical_bounded,1,20,9.69425e8,output,6.356273694771e6,1.953715916124e6,7.099088242270999e6
per,conical_bounded,1,200,1.71526e9,output,1.3182539793022001e7,3.630239359585e6,7.595465898908e6
per,conical_bounded,1,400,1.54416e9,output,1.1989873693949e7,2.9683548495239997e6,7.607219677061e6
per,conical_bounded,1,50,1.37113e9,output,9.916121375269e6,2.9669783178899996e6,7.244953381321e6
per,conical_bounded,1,800,1.64957e9,output,1.2604327352441002e7,3.3779082861019997e6,7.864888383129e6
per,convex_hull,1,100,1.40369e9,output,9.161884217035e6,3.4922492985159997e6,8.060483491687001e6
per,convex_hull,1,20,9.90369e8,output,6.998883312952e6,1.713229405159e6,7.099909012973999e6
per,convex_hull,1,200,1.6198e9,output,1.1566583158128e7,3.66075874929e6,8.349263668347001e6
per,convex_hull,1,400,1.64778e9,output,1.1941111277062997e7,3.8283433968149996e6,7.736228743748e6
per,convex_hull,1,50,1.13007e9,output,7.757882984376999e6,2.406794125779e6,7.039948090381e6
per,convex_hull,1,800,1.65212e9,output,1.2194278245079e7,3.7077542060330003e6,7.712542341220001e6
cross,k_medoids,1005471400,100,1.30061e9,output,9.540702955695998e6,2.406947912992e6,7.989522167494e6
cross,k_medoids,1262311769,100,1.42617e9,output,1.0618916057808e7,2.8666071261890004e6,7.614443935258002e6
cross,k_medoids,1400059389,100,1.38963e9,output,9.846109209394999e6,3.110487630866e6,7.440917303561e6
cross,k_medoids,1693313909,100,1.4671e9,output,9.979810276286999e6,3.6294615271739997e6,7.586145230719e6
cross,k_medoids,2483487299,100,1.2919e9,output,9.250706966528e6,2.5965775858629993e6,7.728188172353e6
cross,k_medoids,2529186237,100,1.34467e9,output,1.0615843826986004e7,1.921850716119e6,8.542030679397e6
cross,k_medoids,2910484191,100,1.46254e9,output,1.1778439087789005e7,2.455492179025e6,7.495077533241e6
cross,k_medoids,2931455462,100,1.42092e9,output,1.0729847299769e7,2.5333479510299996e6,8.373700892303001e6
cross,k_medoids,3631457564,100,1.29537e9,output,9.741275560246998e6,2.39944801708e6,7.411277741331999e6
cross,k_medoids,472808301,100,1.5455e9,output,1.1223083272749e7,3.4164881917060004e6,7.811186015218999e6
cross,k_medoids,1516602964,20,8.18586e8,output,5.277922830690999e6,1.3296574159960002e6,7.31158905706e6
cross,k_medoids,1886534858,20,9.93955e8,output,7.243514343133e6,1.443764945526e6,7.592745397469e6
cross,k_medoids,2317698438,20,1.11021e9,output,8.065210384084e6,1.8523532384929997e6,7.702476273189998e6
cross,k_medoids,2466700586,20,1.00639e9,output,7.889066179794001e6,1.0637078793310001e6,7.825735269291e6
cross,k_medoids,2692059346,20,1.25716e9,output,8.881280631409997e6,2.6386296415040004e6,7.402017694689e6
cross,k_medoids,3032526906,20,9.51592e8,output,6.238664787443001e6,1.6835508204990001e6,7.786622332977e6
cross,k_medoids,3214418042,20,7.65611e8,output,5.295589016805999e6,871742.349961,7.325735506375002e6
cross,k_medoids,3217763985,20,1.15713e9,output,7.05025023529e6,2.887613697564e6,7.745476032852e6
cross,k_medoids,3272403283,20,9.04497e8,output,5.55155135264e6,1.767876190953e6,7.669013451823002e6
cross,k_medoids,408956147,20,8.54362e8,output,6.344401732945001e6,891550.221438,7.478520047955001e6
cross,k_medoids,1040218444,200,1.54771e9,output,1.2270258991971e7,2.756903559749e6,7.816413066391e6
cross,k_medoids,1498923158,200,1.46046e9,output,1.0641200902241997e7,3.1078117713949997e6,7.721793476439998e6
cross,k_medoids,1571330722,200,1.4903e9,output,1.0480456204471998e7,3.46443804484e6,7.709415058068998e6
cross,k_medoids,2110474755,200,1.60634e9,output,1.2639217554088e7,3.0825518056699997e6,7.557127922634e6
cross,k_medoids,2358156674,200,1.52589e9,output,1.1929849277506998e7,2.7808858060089997e6,7.864236791227999e6
cross,k_medoids,2454944798,200,1.42563e9,output,1.0147793297733e7,3.0844903586119995e6,7.900419140053999e6
cross,k_medoids,3126457023,200,1.51243e9,output,1.1285282612894004e7,3.044301688779001e6,8.005602342177002e6
cross,k_medoids,4093639103,200,1.43642e9,output,1.1115930248762e7,2.604385545668e6,7.707716540316999e6
cross,k_medoids,4109171108,200,1.3605e9,output,9.693180924494e6,2.866404568289e6,7.788196671905e6
cross,k_medoids,535977374,200,1.61345e9,output,1.2025508939643003e7,3.400107536894e6,8.0395269216669975e6
cross,k_medoids,2427280835,400,1.53049e9,output,1.1940462032914001e7,2.786590478987e6,7.954262109147999e6
cross,k_medoids,2619392602,400,1.63105e9,output,1.2929787378e7,3.0964530548579996e6,7.573689649289999e6
cross,k_medoids,2782517393,400,1.46586e9,output,1.1002018836552e7,2.825152320828e6,8.051623002619999e6
cross,k_medoids,312313452,400,1.59552e9,output,1.2119324294303998e7,3.309941469831999e6,7.6204284239219995e6
cross,k_medoids,31988942,400,1.74347e9,output,1.280429721705e7,4.0405422031120006e6,7.838390842995001e6
cross,k_medoids,3299859308,400,1.66215e9,output,1.2736084267885001e7,3.5176755205949997e6,7.447061067834999e6
cross,k_medoids,3416848122,400,1.56433e9,output,1.1163539358309997e7,3.6968966003380003e6,7.515925721790003e6
cross,k_medoids,4200777459,400,1.61341e9,output,1.1898221978031999e7,3.479125322787e6,8.049391292585001e6
cross,k_medoids,562750908,400,1.53519e9,output,1.1583890787527002e7,3.026718664664e6,8.057077737256999e6
cross,k_medoids,938822533,400,1.57151e9,output,1.1909427012323001e7,3.208144388543e6,7.748969688537e6
cross,k_medoids,123456789,50,1.33194e9,output,1.0511448199268999e7,2.071494889555e6,7.884917524152e6
cross,k_medoids,1286268702,50,1.14999e9,output,8.330717048577001e6,1.995155864625e6,7.764932336711002e6
cross,k_medoids,1308502331,50,1.43973e9,output,1.1037084128029998e7,2.673789381024e6,7.739668742795998e6
cross,k_medoids,1573928461,50,1.35223e9,output,9.03271156793e6,3.2137011786270007e6,7.824220951208999e6
cross,k_medoids,1991051616,50,1.51797e9,output,1.0351963407166002e7,3.5430745388740003e6,8.530271499146001e6
cross,k_medoids,2678701235,50,1.03034e9,output,6.968139057285001e6,1.8928073873909998e6,7.706972637216e6
cross,k_medoids,3861234567,50,1.32848e9,output,9.935667527060999e6,2.465781904686e6,7.706462582817001e6
cross,k_medoids,477073181,50,1.31178e9,output,1.0043743722726002e7,2.2997251450529997e6,7.555598275203e6
cross,k_medoids,876543210,50,1.25231e9,output,9.412779616069e6,2.152636817634e6,7.757874127275e6
cross,k_medoids,987654321,50,1.24057e9,output,9.305543509706002e6,2.1971067985300003e6,7.502586547810999e6
cross,k_medoids,1090113321,800,1.69669e9,output,1.2539564964277998e7,3.724918365917e6,8.172922353335e6
cross,k_medoids,1155602729,800,1.60875e9,output,1.1657125455426002e7,3.684044480206e6,7.742262653512e6
cross,k_medoids,2122787014,800,1.53103e9,output,1.1721882967678e7,2.9484817764759995e6,7.898040866267e6
cross,k_medoids,2889623452,800,1.62923e9,output,1.2329980130217e7,3.3880778472430003e6,7.855021530536e6
cross,k_medoids,3011269584,800,1.58297e9,output,1.1591480656314e7,3.4965151681160005e6,7.793329698652001e6
cross,k_medoids,3664645650,800,1.60582e9,output,1.1696677257676e7,3.626916776179e6,7.767278778184001e6
cross,k_medoids,3840754868,800,1.56323e9,output,1.1526963294714e7,3.438222163894e6,7.567300634126e6
cross,k_medoids,4064985653,800,1.68087e9,output,1.2186048810704e7,3.895507515615e6,7.913816071127e6
cross,k_medoids,4280644831,800,1.63412e9,output,1.1895211666675e7,3.6466089312230004e6,8.075402861965e6
cross,k_medoids,856316037,800,1.70836e9,output,1.2566067229265999e7,3.9133613940979997e6,7.796086259172001e6
cross,k_means,1005471400,100,5.54737e8,output,2.7627382314610006e6,243235.947988,9.081878179423999e6
cross,k_means,1262311769,100,5.43024e8,output,2.774832010613e6,158555.02341400002,9.008787535117e6
cross,k_means,1400059389,100,5.45736e8,output,2.7319851078379997e6,205209.08775699997,9.021630840847e6
cross,k_means,1693313909,100,5.34129e8,output,2.689106817583e6,119761.88249500001,9.078143812947001e6
cross,k_means,2483487299,100,5.5005e8,output,2.769262965466e6,248624.001208,8.911907064441e6
cross,k_means,2529186237,100,5.49721e8,output,2.785619721578e6,196781.92757,9.046235275657998e6
cross,k_means,2910484191,100,5.47313e8,output,2.7823364397309995e6,213985.05879899996,8.923546297676e6
cross,k_means,2931455462,100,5.37341e8,output,2.827567111579e6,110098.710605,8.893478478332e6
cross,k_means,3631457564,100,5.57479e8,output,2.9278503551499997e6,199985.245903,8.940577204597998e6
cross,k_means,472808301,100,5.44417e8,output,2.766598783525e6,173009.688024,9.01749580937e6
cross,k_means,1516602964,20,5.08158e8,output,2.5220212720449995e6,11897.160788,9.074325533479998e6
cross,k_means,1886534858,20,5.22102e8,output,2.560886794908e6,44438.779149999995,9.279341121355e6
cross,k_means,2317698438,20,5.1082e8,output,2.5407402682199995e6,13940.810491999999,9.102543829635e6
cross,k_means,2466700586,20,4.97774e8,output,2.4300890880319998e6,3980.168152,9.006646032633e6
cross,k_means,2692059346,20,5.10683e8,output,2.4533899080629996e6,4041.026388,9.329813113753999e6
cross,k_means,3032526906,20,5.12416e8,output,2.493190599137e6,15315.819488,9.251314993959999e6
cross,k_means,3214418042,20,5.03813e8,output,2.4874118818260003e6,2220.157867,9.059507029369999e6
cross,k_means,3217763985,20,5.09478e8,output,2.495107169632e6,12444.464297,9.171484415394997e6
cross,k_means,3272403283,20,5.10187e8,output,2.493241919053e6,27566.009282,9.143601954293001e6
cross,k_means,408956147,20,5.09877e8,output,2.55295292889e6,12782.526921,9.051613024856001e6
cross,k_means,1040218444,200,5.81025e8,output,3.120569280469999e6,334027.61786900007,8.724789957516e6
cross,k_means,1498923158,200,5.70875e8,output,2.8707778749970007e6,367518.2888230001,8.875115188135002e6
cross,k_means,1571330722,200,5.69835e8,output,3.041473415719001e6,259928.577785,8.835450759029998e6
cross,k_means,2110474755,200,5.92803e8,output,3.1917111107679997e6,345343.823078,8.868046195917e6
cross,k_means,2358156674,200,5.78536e8,output,2.9333449422139996e6,404977.22751099995,8.826680322183e6
cross,k_means,2454944798,200,5.62252e8,output,3.0182438382210005e6,211361.77177000002,8.836295889347998e6
cross,k_means,3126457023,200,5.83325e8,output,3.242426584933e6,253159.462352,8.799229206751002e6
cross,k_means,4093639103,200,6.01031e8,output,2.973819308279e6,553415.151331,8.872995256444e6
cross,k_means,4109171108,200,5.92308e8,output,3.243809343026e6,330082.56755100004,8.789479410380002e6
cross,k_means,535977374,200,5.77143e8,output,2.942271909777e6,405678.03573500004,8.763546069753999e6
cross,k_means,2427280835,400,6.7157e8,output,3.6575031213009995e6,768862.127648,8.635851066939e6
cross,k_means,2619392602,400,6.72889e8,output,3.8799531996069998e6,669439.409539,8.519835225750001e6
cross,k_means,2782517393,400,6.65952e8,output,3.776225189482e6,670443.206864,8.54798499007e6
cross,k_means,312313452,400,6.95046e8,output,4.0498098220969997e6,685108.109559,8.727779115310999e6
cross,k_means,31988942,400,6.93602e8,output,3.8287499650859996e6,869722.8549029998,8.540022297251001e6
cross,k_means,3299859308,400,6.70589e8,output,3.9509023877319987e6,576852.330657,8.615847726313999e6
cross,k_means,3416848122,400,6.75939e8,output,4.11739948687e6,556436.1186670001,8.467774927749e6
cross,k_means,4200777459,400,6.75447e8,output,3.9446458878069995e6,617026.4145610001,8.63132298776e6
cross,k_means,562750908,400,6.49533e8,output,3.601994144555999e6,633893.4241989999,8.589766991881e6
cross,k_means,938822533,400,7.03632e8,output,3.9122371278910004e6,870564.1565269998,8.641097088369004e6
cross,k_means,123456789,50,5.25244e8,output,2.624895154013001e6,90309.47270900001,9.066726959596999e6
cross,k_means,1286268702,50,5.28587e8,output,2.689385123022001e6,67133.565558,9.099605359065998e6
cross,k_means,1308502331,50,5.29098e8,output,2.68723368994e6,67375.01858100001,9.118493478164e6
cross,k_means,1573928461,50,5.3223e8,output,2.650317791337e6,118906.02349800001,9.113185114869002e6
cross,k_means,1991051616,50,5.21018e8,output,2.6481925705020004e6,25104.388755999997,9.118537370373998e6
cross,k_means,2678701235,50,5.26055e8,output,2.641105094144e6,41183.317578999995,9.225109799933998e6
cross,k_means,3861234567,50,5.20658e8,output,2.6103855602700002e6,57624.738904000005,9.079824209911002e6
cross,k_means,477073181,50,5.24065e8,output,2.61387171037e6,39400.297679,9.234739539402999e6
cross,k_means,876543210,50,5.18224e8,output,2.591835746469e6,69476.841704,9.009429624589e6
cross,k_means,987654321,50,5.24148e8,output,2.6899934058769997e6,25405.388818,9.114472483189e6
cross,k_means,1090113321,800,8.6315e8,output,5.792538454568998e6,1.0788348004329999e6,8.324531381155e6
cross,k_means,1155602729,800,8.48441e8,output,5.583708407168999e6,1.0804759148549999e6,8.360894880282001e6
cross,k_means,2122787014,800,8.33183e8,output,5.318760795182e6,1.13487016221e6,8.323745868555999e6
cross,k_means,2889623452,800,8.24032e8,output,5.603051135201999e6,861087.197799,8.371444945785e6
cross,k_means,3011269584,800,8.61123e8,output,5.978417113433e6,904535.03622,8.454480338486e6
cross,k_means,3664645650,800,8.43061e8,output,5.647780185916999e6,976116.7495759998,8.423750104089001e6
cross,k_means,3840754868,800,8.7743e8,output,5.767335025745999e6,1.1843035218069998e6,8.429384873669e6
cross,k_means,4064985653,800,7.95561e8,output,5.442057993247e6,730638.228317,8.359835091872e6
cross,k_means,4280644831,800,8.20308e8,output,5.398396911988e6,982891.5050089998,8.299335836546001e6
cross,k_means,856316037,800,8.40846e8,output,5.648248428006e6,973018.5662430002,8.368994356681999e6
per,k_medoids,1005471400,100,1.40056e9,output,1.1115558757862998e7,2.319925260622e6,7.656026325645001e6
per,k_medoids,1262311769,100,1.21029e9,output,9.16733437237e6,1.938053750106e6,7.835262534918999e6
per,k_medoids,1400059389,100,1.38982e9,output,1.0136390817130998e7,2.734233890301e6,8.10432521015e6
per,k_medoids,1693313909,100,1.31573e9,output,9.764850589803003e6,2.545225284808999e6,7.442934187486001e6
per,k_medoids,2483487299,100,1.43442e9,output,1.0637561438458e7,2.8742937169349995e6,7.785847260343e6
per,k_medoids,2529186237,100,1.33691e9,output,1.0373980569458999e7,2.1514579145289995e6,8.060477376915001e6
per,k_medoids,2910484191,100,1.42581e9,output,1.1304502839406e7,2.43084992675e6,7.578853340944001e6
per,k_medoids,2931455462,100,1.40722e9,output,1.0227774736771999e7,3.0061566415840006e6,7.457254238181001e6
per,k_medoids,3631457564,100,1.42571e9,output,1.1131629872720998e7,2.4847893134000003e6,7.777387877054001e6
per,k_medoids,472808301,100,1.38727e9,output,1.0501837005205e7,2.585866637307001e6,7.724373067526001e6
per,k_medoids,1516602964,20,9.66974e8,output,7.54818148539e6,1.096457598675e6,7.331702359408e6
per,k_medoids,1886534858,20,1.0479e9,output,7.439408161039999e6,1.7033324561700004e6,7.817377211499e6
per,k_medoids,2317698438,20,1.05662e9,output,7.1445452966450015e6,1.8711244812690003e6,8.150489779325e6
per,k_medoids,2466700586,20,1.06838e9,output,8.327797123891001e6,1.4170556901220002e6,7.410705874868e6
per,k_medoids,2692059346,20,8.96123e8,output,7.111233661941999e6,720187.0820859999,7.564690079873e6
per,k_medoids,3032526906,20,1.00305e9,output,7.197310400562001e6,1.4798234231819997e6,7.836022261314998e6
per,k_medoids,3214418042,20,1.06922e9,output,8.018308861736e6,1.6318361051589998e6,7.383454367639999e6
per,k_medoids,3217763985,20,9.83391e8,output,6.92714176827e6,1.624234480631e6,7.368572367318001e6
per,k_medoids,3272403283,20,1.07446e9,output,7.742310131911001e6,1.7394087703999998e6,7.782613950491999e6
per,k_medoids,408956147,20,1.04856e9,output,7.430126239123999e6,1.6628512136539998e6,7.99865018386e6
per,k_medoids,1040218444,200,1.51763e9,output,1.1152488628385e7,3.308592154932e6,7.534752219823999e6
per,k_medoids,1498923158,200,1.52173e9,output,1.1532332859752e7,3.017670741392e6,7.812852983635999e6
per,k_medoids,1571330722,200,1.56931e9,output,1.2090573525824e7,3.1309040598600004e6,7.546133887274002e6
per,k_medoids,2110474755,200,1.39967e9,output,1.0670142768879998e7,2.602878196236e6,7.646852838717e6
per,k_medoids,2358156674,200,1.44151e9,output,1.1010523349326001e7,2.6791455838160003e6,7.832522752244001e6
per,k_medoids,2454944798,200,1.39446e9,output,1.0651339585652998e7,2.5374311845319998e6,7.765707646134001e6
per,k_medoids,3126457023,200,1.44415e9,output,1.0946267317839e7,2.735720241108e6,7.856925040026001e6
per,k_medoids,4093639103,200,1.41404e9,output,1.0993577075566001e7,2.542514344486e6,7.547157727212001e6
per,k_medoids,4109171108,200,1.48991e9,output,1.1536460388457002e7,2.7641141902849996e6,7.761176588095e6
per,k_medoids,535977374,200,1.54916e9,output,1.2076825356499001e7,2.8962653548930003e6,7.808532721107999e6
per,k_medoids,2427280835,400,1.50764e9,output,1.1424483204599997e7,3.013063221063e6,7.661567401839999e6
per,k_medoids,2619392602,400,1.57683e9,output,1.1765816339487001e7,3.296378442441e6,7.9195785557309985e6
per,k_medoids,2782517393,400,1.54546e9,output,1.1952081172893003e7,2.993847244847e6,7.641372023507999e6
per,k_medoids,312313452,400,1.45926e9,output,1.1496788259930998e7,2.4752139695559996e6,7.965019382162999e6
per,k_medoids,31988942,400,1.5991e9,output,1.1666408307741001e7,3.492776551085e6,8.107201993654e6
per,k_medoids,3299859308,400,1.52242e9,output,1.1452228441165004e7,3.0508598042920004e6,7.897713520316e6
per,k_medoids,3416848122,400,1.6105e9,output,1.1146651132222e7,3.8951572310099998e6,8.207193882506e6
per,k_medoids,4200777459,400,1.59628e9,output,1.2486539337709999e7,2.934515795697e6,8.124344052654001e6
per,k_medoids,562750908,400,1.50255e9,output,1.1359842689612001e7,2.9688516246489994e6,7.813128968232001e6
per,k_medoids,938822533,400,1.62718e9,output,1.2663766478990003e7,3.088693726044e6,8.087323641984999e6
per,k_medoids,123456789,50,1.2453e9,output,8.342310640748999e6,2.706942873515e6,8.032562653530999e6
per,k_medoids,1286268702,50,1.2516e9,output,9.917248768852e6,1.7529897769129998e6,7.994297267357e6
per,k_medoids,1308502331,50,1.05426e9,output,7.460751024558e6,1.8049963557620002e6,7.600040879824e6
per,k_medoids,1573928461,50,1.24649e9,output,9.777531732791e6,1.8031917144829999e6,7.985255942369998e6
per,k_medoids,1991051616,50,1.22799e9,output,9.488692600806002e6,1.968128941921e6,7.522069417317001e6
per,k_medoids,2678701235,50,1.33966e9,output,9.283741948584e6,2.8711176924209995e6,8.087060080702e6
per,k_medoids,3861234567,50,1.25809e9,output,8.884654235095004e6,2.3465307812489998e6,8.439969701361999e6
per,k_medoids,477073181,50,1.39846e9,output,9.851007016194e6,3.186447474636999e6,7.422084747379e6
per,k_medoids,876543210,50,1.37955e9,output,9.81665297735e6,2.8206875385e6,8.224150620874e6
per,k_medoids,987654321,50,1.29072e9,output,9.282096260111e6,2.4846312395790005e6,8.013315787161998e6
per,k_medoids,1090113321,800,1.61723e9,output,1.2357080284322003e7,3.234820005356e6,7.9787413320390005e6
per,k_medoids,1155602729,800,1.60458e9,output,1.2352571230981002e7,3.176698027501e6,7.823187224224e6
per,k_medoids,2122787014,800,1.55103e9,output,1.1424963036624001e7,3.323971737736e6,7.840133173047998e6
per,k_medoids,2889623452,800,1.59078e9,output,1.211141115508e7,3.2455537985079996e6,7.72473825379e6
per,k_medoids,3011269584,800,1.59539e9,output,1.2250989963955002e7,3.186673275614e6,7.749877638838e6
per,k_medoids,3664645650,800,1.59963e9,output,1.2144084216734001e7,3.2170837271320005e6,8.008096930066e6
per,k_medoids,3840754868,800,1.63516e9,output,1.2206037417326e7,3.5251399679010003e6,7.828929109459999e6
per,k_medoids,4064985653,800,1.59822e9,output,1.2514351901169999e7,3.018836005563e6,7.824018832975999e6
per,k_medoids,4280644831,800,1.66904e9,output,1.2343888387836002e7,3.7306629002429997e6,7.788452669374e6
per,k_medoids,856316037,800,1.53807e9,output,1.1935784893351996e7,2.929455526727e6,7.687379249516e6
per,k_means,1005471400,100,5.13397e8,output,2.3535548123429995e6,125616.04431600001,9.209874891301999e6
per,k_means,1262311769,100,5.13036e8,output,2.3775467922280002e6,103308.505622,9.223082101174e6
per,k_means,1400059389,100,5.22709e8,output,2.5510148789589996e6,68222.47309300001,9.236348928731002e6
per,k_means,1693313909,100,5.07248e8,output,2.3805816097180014e6,61184.752328,9.194564084369998e6
per,k_means,2483487299,100,5.1274e8,output,2.34709350475e6,80469.952933,9.362696600599e6
per,k_means,2529186237,100,5.18137e8,output,2.395054831696e6,110151.792335,9.308334674552998e6
per,k_means,2910484191,100,5.14251e8,output,2.407174978114e6,75988.431928,9.286979735936e6
per,k_means,2931455462,100,5.13962e8,output,2.368329662666e6,103753.946803,9.269258535366999e6
per,k_means,3631457564,100,5.1824e8,output,2.3034501204930004e6,186493.262804,9.251500998214e6
per,k_means,472808301,100,5.15565e8,output,2.3496293362229997e6,150873.374367,9.193787681721002e6
per,k_means,1516602964,20,4.68699e8,output,1.7580752974689999e6,719.053071,9.685086252961999e6
per,k_means,1886534858,20,4.66206e8,output,1.7591041589060002e6,2244.493513,9.604858674390998e6
per,k_means,2317698438,20,4.6926e8,output,1.7747920472639997e6,1901.185138,9.659648787374996e6
per,k_means,2466700586,20,4.68738e8,output,1.7595405381200004e6,1928.17084,9.678712553101e6
per,k_means,2692059346,20,4.6719e8,output,1.761711276093e6,2218.712498,9.627717302174e6
per,k_means,3032526906,20,4.69413e8,output,1.7567040463750004e6,719.053071,9.708958194123002e6
per,k_means,3214418042,20,4.69577e8,output,1.7653391710240003e6,719.053071,9.694278584642999e6
per,k_means,3217763985,20,4.6872e8,output,1.762771558808e6,1361.357809,9.672873686245e6
per,k_means,3272403283,20,4.65622e8,output,1.7646193089929996e6,1660.146818,9.577473685776e6
per,k_means,408956147,20,4.70791e8,output,1.7614063889199998e6,719.053071,9.738506027892001e6
per,k_means,1040218444,200,5.59835e8,output,2.695810460926e6,359144.75265100005,8.976961108878998e6
per,k_means,1498923158,200,5.66761e8,output,2.8919291000820007e6,269517.619415,9.049359610213999e6
per,k_means,1571330722,200,5.7536e8,output,2.6878377887099995e6,438024.111995,9.171964670963e6
per,k_means,2110474755,200,5.7118e8,output,2.732569886512e6,402333.810792,9.073926194489002e6
per,k_means,2358156674,200,5.73658e8,output,2.645364520984e6,460086.18561600003,9.14117545144e6
per,k_means,2454944798,200,5.54224e8,output,2.660960636715e6,316438.939627,9.040978397204e6
per,k_means,3126457023,200,5.6402e8,output,2.929234114798e6,259832.162992,8.919272328782002e6
per,k_means,4093639103,200,5.4904e8,output,2.632907784032e6,342257.36433699995,8.86320800883e6
per,k_means,4109171108,200,5.78018e8,output,2.985248658132e6,307853.091825,9.033301972192999e6
per,k_means,535977374,200,5.63682e8,output,2.8818553186e6,236623.98169399996,9.097059823414002e6
per,k_means,2427280835,400,6.4885e8,output,3.574239401046e6,597601.394113,8.758923601811e6
per,k_means,2619392602,400,6.40214e8,output,3.5879898476090003e6,495062.01554699993,8.833981775084002e6
per,k_means,2782517393,400,6.51368e8,output,3.6820072757989992e6,545801.571314,8.770090491721002e6
per,k_means,312313452,400,6.67833e8,output,3.5735478187619993e6,751683.371769,8.776050831035e6
per,k_means,31988942,400,6.63659e8,output,3.428808016714e6,794168.6916889999,8.832407992491001e6
per,k_means,3299859308,400,6.13352e8,output,3.2633365992690003e6,513495.26848300005,8.718817700432999e6
per,k_means,3416848122,400,6.61843e8,output,3.7240565953090005e6,591195.0643980001,8.822120750218002e6
per,k_means,4200777459,400,6.96873e8,output,3.6734053422629996e6,916042.578267,8.823699426173998e6
per,k_means,562750908,400,6.59743e8,output,3.386771994964e6,777480.0842709998,8.871235104937e6
per,k_means,938822533,400,6.57493e8,output,3.375438364732e6,761026.953902,8.888613072352998e6
per,k_means,123456789,50,4.92448e8,output,2.10539326631e6,6307.732894000001,9.574810915696999e6
per,k_means,1286268702,50,5.01251e8,output,2.12075658491e6,57429.889578,9.618294820152001e6
per,k_means,1308502331,50,4.9336e8,output,2.1071898970709997e6,26361.374748000002,9.52741094856e6
per,k_means,1573928461,50,4.92208e8,output,2.082743315496e6,6415.123601,9.618459866186e6
per,k_means,1991051616,50,4.91235e8,output,2.0824791423690002e6,34759.557933,9.491895275904e6
per,k_means,2678701235,50,4.96916e8,output,2.180651611303e6,16495.910343,9.499857324936999e6
per,k_means,3861234567,50,4.99082e8,output,2.126943589235e6,31002.318355999996,9.633328725297e6
per,k_means,477073181,50,5.02395e8,output,2.2156441451529996e6,15412.869650999999,9.584362104814999e6
per,k_means,876543210,50,4.9016e8,output,2.089907658395e6,16188.522488999999,9.508602869720003e6
per,k_means,987654321,50,4.97619e8,output,2.1650226148939994e6,15575.760338,9.558747122297997e6
per,k_means,1090113321,800,8.2048e8,output,5.265348613841e6,1.005293056938e6,8.525926756998e6
per,k_means,1155602729,800,8.05786e8,output,5.45557440653e6,807508.8032520001,8.359127642052e6
per,k_means,2122787014,800,8.11613e8,output,5.311747035453999e6,923607.0194000002,8.448001337295e6
per,k_means,2889623452,800,8.03344e8,output,5.20281866369e6,916766.9535959999,8.476430202159999e6
per,k_means,3011269584,800,7.95644e8,output,5.009614089114e6,949952.377735,8.571724957090998e6
per,k_means,3664645650,800,8.53014e8,output,5.441455613731e6,1.1774522277729998e6,8.476363112076001e6
per,k_means,3840754868,800,8.21027e8,output,4.968303436098001e6,1.2378034958670002e6,8.400305563383e6
per,k_means,4064985653,800,8.067e8,output,5.5398072258979995e6,735038.312512,8.44867447043e6
per,k_means,4280644831,800,8.18578e8,output,5.394387046562999e6,925277.4621049998,8.458857700507998e6
per,k_means,856316037,800,8.11873e8,output,5.218360218568999e6,960577.894504,8.537026347262999e6
