location,technology,rep_period,time_step,scenario,production
AUS,WindOn,1,1,1982,1998.3672636253318
AUS,WindOn,1,2,1982,2086.9972849701853
AUS,WindOn,1,3,1982,2182.096474364299
AUS,WindOn,1,4,1982,2219.271709537088
AUS,WindOn,1,5,1982,2214.7261380670006
AUS,WindOn,1,6,1982,2210.4245249932596
AUS,WindOn,1,7,1982,2195.051211875812
AUS,WindOn,1,8,1982,2179.56441329011
AUS,WindOn,1,9,1982,2165.869915885939
AUS,WindOn,1,10,1982,2098.781624277111
AUS,WindOn,1,11,1982,1850.7082562067062
AUS,WindOn,1,12,1982,1776.0822835335018
AUS,WindOn,1,13,1982,1727.0487930257925
AUS,WindOn,1,14,1982,1658.1062853720205
AUS,WindOn,1,15,1982,1644.5696798371594
AUS,WindOn,1,16,1982,1707.5456701547569
AUS,WindOn,1,17,1982,1829.0090255595167
AUS,WindOn,1,18,1982,1963.7627343474967
AUS,WindOn,1,19,1982,2038.4431622080024
AUS,WindOn,1,20,1982,2019.8877148842116
AUS,WindOn,1,21,1982,1958.037260507325
AUS,WindOn,1,22,1982,1863.4660146255492
AUS,WindOn,1,23,1982,1849.62404000863
AUS,WindOn,1,24,1982,1873.9305485499883
AUS,WindOn,2,1,1982,8872.187450660917
AUS,WindOn,2,2,1982,9244.114057735576
AUS,WindOn,2,3,1982,9506.74341503183
AUS,WindOn,2,4,1982,9402.537496488434
AUS,WindOn,2,5,1982,9205.760975101444
AUS,WindOn,2,6,1982,9183.978702607235
AUS,WindOn,2,7,1982,9328.435417164557
AUS,WindOn,2,8,1982,9675.143180078858
AUS,WindOn,2,9,1982,9673.7516809144
AUS,WindOn,2,10,1982,9435.440329777804
AUS,WindOn,2,11,1982,9004.417542388617
AUS,WindOn,2,12,1982,8600.519822668331
AUS,WindOn,2,13,1982,8437.378553736058
AUS,WindOn,2,14,1982,8561.580774689353
AUS,WindOn,2,15,1982,8599.240944054749
AUS,WindOn,2,16,1982,8360.066308724425
AUS,WindOn,2,17,1982,8478.03824415134
AUS,WindOn,2,18,1982,8396.667042767256
AUS,WindOn,2,19,1982,8438.565244030571
AUS,WindOn,2,20,1982,8456.290501485997
AUS,WindOn,2,21,1982,8484.470761865012
AUS,WindOn,2,22,1982,8522.106167973963
AUS,WindOn,2,23,1982,8262.877001942918
AUS,WindOn,2,24,1982,8058.900635682372
AUS,WindOn,3,1,1982,4734.871965139805
AUS,WindOn,3,2,1982,4519.345894529053
AUS,WindOn,3,3,1982,4371.673196650037
AUS,WindOn,3,4,1982,4387.222370793298
AUS,WindOn,3,5,1982,4408.9879808668975
AUS,WindOn,3,6,1982,4510.358046736601
AUS,WindOn,3,7,1982,4798.657388540214
AUS,WindOn,3,8,1982,5035.189029714766
AUS,WindOn,3,9,1982,5122.533714187249
AUS,WindOn,3,10,1982,5091.112336582199
AUS,WindOn,3,11,1982,4946.005580335085
AUS,WindOn,3,12,1982,4939.2616728396815
AUS,WindOn,3,13,1982,5002.738225546953
AUS,WindOn,3,14,1982,5062.242690050158
AUS,WindOn,3,15,1982,4919.207192363439
AUS,WindOn,3,16,1982,4784.545183224174
AUS,WindOn,3,17,1982,4710.591540713835
AUS,WindOn,3,18,1982,4670.661972737178
AUS,WindOn,3,19,1982,4586.44636921285
AUS,WindOn,3,20,1982,4610.621884810114
AUS,WindOn,3,21,1982,4784.839758601753
AUS,WindOn,3,22,1982,5059.160320079506
AUS,WindOn,3,23,1982,5465.380217954363
AUS,WindOn,3,24,1982,5954.573169255173
BEL,WindOn,1,1,1982,7590.410114242579
BEL,WindOn,1,2,1982,7586.751478745874
BEL,WindOn,1,3,1982,7756.416958912586
BEL,WindOn,1,4,1982,7763.4203515092695
BEL,WindOn,1,5,1982,7750.6370197336355
BEL,WindOn,1,6,1982,7635.760031298801
BEL,WindOn,1,7,1982,7491.28164706057
BEL,WindOn,1,8,1982,7516.701224187527
BEL,WindOn,1,9,1982,7521.842405156801
BEL,WindOn,1,10,1982,7333.104427990884
BEL,WindOn,1,11,1982,6549.226943289004
BEL,WindOn,1,12,1982,6009.657457402273
BEL,WindOn,1,13,1982,5527.75133311229
BEL,WindOn,1,14,1982,5264.842719250187
BEL,WindOn,1,15,1982,5288.720744076635
BEL,WindOn,1,16,1982,5381.690101593455
BEL,WindOn,1,17,1982,5851.208183408023
BEL,WindOn,1,18,1982,6580.552781449454
BEL,WindOn,1,19,1982,7120.424360732385
BEL,WindOn,1,20,1982,7432.309009795438
BEL,WindOn,1,21,1982,7619.497841590982
BEL,WindOn,1,22,1982,7777.273481986362
BEL,WindOn,1,23,1982,7578.147192099776
BEL,WindOn,1,24,1982,7576.102968915364
BEL,WindOn,2,1,1982,8056.996425544084
BEL,WindOn,2,2,1982,7113.204052499585
BEL,WindOn,2,3,1982,6625.85601768582
BEL,WindOn,2,4,1982,6639.49895975934
BEL,WindOn,2,5,1982,6429.870157880935
BEL,WindOn,2,6,1982,6561.731536500502
BEL,WindOn,2,7,1982,7164.383498521019
BEL,WindOn,2,8,1982,7837.859330987001
BEL,WindOn,2,9,1982,8108.614212699322
BEL,WindOn,2,10,1982,7665.517609396592
BEL,WindOn,2,11,1982,5600.100193867079
BEL,WindOn,2,12,1982,5048.01254819716
BEL,WindOn,2,13,1982,4940.5971222180415
BEL,WindOn,2,14,1982,5257.085329246059
BEL,WindOn,2,15,1982,5735.061348027494
BEL,WindOn,2,16,1982,6034.23476549657
BEL,WindOn,2,17,1982,6101.208743426981
BEL,WindOn,2,18,1982,6546.630369260691
BEL,WindOn,2,19,1982,6973.462301155537
BEL,WindOn,2,20,1982,7313.1341375634265
BEL,WindOn,2,21,1982,7699.054034539804
BEL,WindOn,2,22,1982,7702.511894766286
BEL,WindOn,2,23,1982,7064.261775108997
BEL,WindOn,2,24,1982,6863.559299108823
BEL,WindOn,3,1,1982,11538.358044434925
BEL,WindOn,3,2,1982,11576.425023320458
BEL,WindOn,3,3,1982,11775.635854318973
BEL,WindOn,3,4,1982,11896.322518877736
BEL,WindOn,3,5,1982,12011.59648636965
BEL,WindOn,3,6,1982,12125.291368036073
BEL,WindOn,3,7,1982,12456.857163479126
BEL,WindOn,3,8,1982,13036.380392151663
BEL,WindOn,3,9,1982,13695.943990389947
BEL,WindOn,3,10,1982,13920.477610550284
BEL,WindOn,3,11,1982,14100.050273455914
BEL,WindOn,3,12,1982,14250.26575595245
BEL,WindOn,3,13,1982,14165.056446991839
BEL,WindOn,3,14,1982,14049.02664517275
BEL,WindOn,3,15,1982,14091.951475290474
BEL,WindOn,3,16,1982,14049.98078086695
BEL,WindOn,3,17,1982,14097.34246126987
BEL,WindOn,3,18,1982,14456.647255345755
BEL,WindOn,3,19,1982,14796.016315745457
BEL,WindOn,3,20,1982,14723.062473046628
BEL,WindOn,3,21,1982,14346.622706714532
BEL,WindOn,3,22,1982,14051.586052463203
BEL,WindOn,3,23,1982,13456.055176997894
BEL,WindOn,3,24,1982,13351.667945030369
BLK,Nuclear,1,1,1982,2416.4033879400886
BLK,Nuclear,1,2,1982,2501.1396686909075
BLK,Nuclear,1,3,1982,1882.7128096502233
BLK,Nuclear,1,4,1982,4482.712809650224
BLK,Nuclear,1,5,1982,5538.665271787409
BLK,Nuclear,1,6,1982,8138.665271787409
BLK,Nuclear,1,7,1982,9961.159882633536
BLK,Nuclear,1,8,1982,11876.326560130066
BLK,Nuclear,1,9,1982,12447.065607443023
BLK,Nuclear,1,10,1982,12680.363721563914
BLK,Nuclear,1,11,1982,13000.0
BLK,Nuclear,1,12,1982,13000.0
BLK,Nuclear,1,13,1982,10400.0
BLK,Nuclear,1,14,1982,8931.544492162757
BLK,Nuclear,1,15,1982,10653.602143002172
BLK,Nuclear,1,16,1982,11758.222713863117
BLK,Nuclear,1,17,1982,13000.0
BLK,Nuclear,1,18,1982,13000.0
BLK,Nuclear,1,19,1982,12317.092913582117
BLK,Nuclear,1,20,1982,11036.130640458032
BLK,Nuclear,1,21,1982,9032.464088133354
BLK,Nuclear,1,22,1982,7387.432083374169
BLK,Nuclear,1,23,1982,5521.962165718474
BLK,Nuclear,1,24,1982,3497.2996324914056
BLK,Nuclear,2,7,1982,2076.4842103521332
BLK,Nuclear,2,8,1982,3139.4209059213463
BLK,Nuclear,2,9,1982,5338.408473354222
BLK,Nuclear,2,10,1982,2738.408473354222
BLK,Nuclear,2,11,1982,2500.4624918583395
BLK,Nuclear,2,17,1982,877.0749151953128
BLK,Nuclear,2,18,1982,3477.0749151953128
BLK,Nuclear,2,19,1982,5054.223294625965
BLK,Nuclear,2,20,1982,2454.223294625965
BLK,Nuclear,3,1,1982,8341.681971167352
BLK,Nuclear,3,2,1982,5741.6819711673525
BLK,Nuclear,3,3,1982,7442.490136505909
BLK,Nuclear,3,4,1982,8052.701706357271
BLK,Nuclear,3,5,1982,10047.734379843707
BLK,Nuclear,3,6,1982,12647.734379843707
BLK,Nuclear,3,7,1982,13000.0
BLK,Nuclear,3,8,1982,13000.0
BLK,Nuclear,3,9,1982,12284.26039251011
BLK,Nuclear,3,10,1982,12534.85747742733
BLK,Nuclear,3,11,1982,11626.944996065611
BLK,Nuclear,3,12,1982,12339.6254834779
BLK,Nuclear,3,13,1982,9739.6254834779
BLK,Nuclear,3,14,1982,12339.6254834779
BLK,Nuclear,3,15,1982,12264.448083773055
BLK,Nuclear,3,16,1982,13000.0
BLK,Nuclear,3,17,1982,13000.0
BLK,Nuclear,3,18,1982,13000.0
BLK,Nuclear,3,19,1982,13000.0
BLK,Nuclear,3,20,1982,13000.0
BLK,Nuclear,3,21,1982,12739.436797024062
BLK,Nuclear,3,22,1982,10623.836406723536
BLK,Nuclear,3,23,1982,10641.434018849966
BLK,Nuclear,3,24,1982,8041.434018849966
BLK,WindOn,1,1,1982,18950.90725192928
BLK,WindOn,1,2,1982,18969.69222728447
BLK,WindOn,1,3,1982,19145.266190113372
BLK,WindOn,1,4,1982,19309.56238758209
BLK,WindOn,1,5,1982,19689.63522947639
BLK,WindOn,1,6,1982,19926.972611954185
BLK,WindOn,1,7,1982,19964.39263502812
BLK,WindOn,1,8,1982,19806.86915810632
BLK,WindOn,1,9,1982,19937.088691887315
BLK,WindOn,1,10,1982,20022.346715717875
BLK,WindOn,1,11,1982,18791.98916308482
BLK,WindOn,1,12,1982,19571.652666774215
BLK,WindOn,1,13,1982,20635.825640386818
BLK,WindOn,1,14,1982,21236.958602706636
BLK,WindOn,1,15,1982,21282.116336685398
BLK,WindOn,1,16,1982,21181.926036093824
BLK,WindOn,1,17,1982,21772.14487902864
BLK,WindOn,1,18,1982,22386.85350550475
BLK,WindOn,1,19,1982,22740.56505715525
BLK,WindOn,1,20,1982,22446.439187123084
BLK,WindOn,1,21,1982,22197.37058426006
BLK,WindOn,1,22,1982,22124.32713668091
BLK,WindOn,1,23,1982,21537.997608827794
BLK,WindOn,1,24,1982,21903.87874728692
BLK,WindOn,2,1,1982,20174.200306480583
BLK,WindOn,2,2,1982,20267.987066313566
BLK,WindOn,2,3,1982,20478.628493048487
BLK,WindOn,2,4,1982,20822.46407658047
BLK,WindOn,2,5,1982,20470.65680669065
BLK,WindOn,2,6,1982,20713.65315017583
BLK,WindOn,2,7,1982,21421.356004309844
BLK,WindOn,2,8,1982,22150.07336574621
BLK,WindOn,2,9,1982,22914.294162248338
BLK,WindOn,2,10,1982,24058.21574377371
BLK,WindOn,2,11,1982,25301.928702234967
BLK,WindOn,2,12,1982,27280.352973780162
BLK,WindOn,2,13,1982,28510.02736408962
BLK,WindOn,2,14,1982,28274.39221300118
BLK,WindOn,2,15,1982,28241.25709902382
BLK,WindOn,2,16,1982,28374.282199413952
BLK,WindOn,2,17,1982,27301.944858594674
BLK,WindOn,2,18,1982,27140.26045048229
BLK,WindOn,2,19,1982,26039.885389571424
BLK,WindOn,2,20,1982,25174.406314646818
BLK,WindOn,2,21,1982,24581.349778237436
BLK,WindOn,2,22,1982,24363.335010153805
BLK,WindOn,2,23,1982,25108.879208543753
BLK,WindOn,2,24,1982,24234.708423137694
BLK,WindOn,3,1,1982,16170.966949489695
BLK,WindOn,3,2,1982,16414.198813914936
BLK,WindOn,3,3,1982,16584.41717851542
BLK,WindOn,3,4,1982,16393.595667035628
BLK,WindOn,3,5,1982,16041.250612598502
BLK,WindOn,3,6,1982,15695.639575126415
BLK,WindOn,3,7,1982,15337.362123908433
BLK,WindOn,3,8,1982,14592.56690897265
BLK,WindOn,3,9,1982,13962.391596711199
BLK,WindOn,3,10,1982,13905.050618366911
BLK,WindOn,3,11,1982,14309.07153594318
BLK,WindOn,3,12,1982,14877.806970379825
BLK,WindOn,3,13,1982,15447.900758104783
BLK,WindOn,3,14,1982,15141.155683068235
BLK,WindOn,3,15,1982,14713.326442840487
BLK,WindOn,3,16,1982,14291.044170259824
BLK,WindOn,3,17,1982,13962.496293505454
BLK,WindOn,3,18,1982,13443.373150495365
BLK,WindOn,3,19,1982,13054.312115827159
BLK,WindOn,3,20,1982,12131.447884671408
BLK,WindOn,3,21,1982,11268.226132125752
BLK,WindOn,3,22,1982,10752.317694839161
BLK,WindOn,3,23,1982,11053.444583073397
BLK,WindOn,3,24,1982,10886.83571993927
BLT,WindOn,1,1,1982,2144.297945287663
BLT,WindOn,1,2,1982,2063.8248349771225
BLT,WindOn,1,3,1982,1977.7737068031322
BLT,WindOn,1,4,1982,1952.7711787905623
BLT,WindOn,1,5,1982,1928.9121765115035
BLT,WindOn,1,6,1982,1913.3872382641857
BLT,WindOn,1,7,1982,1855.3250102666743
BLT,WindOn,1,8,1982,1838.8054880858479
BLT,WindOn,1,9,1982,1864.6942946393028
BLT,WindOn,1,10,1982,1877.0171143296127
BLT,WindOn,1,11,1982,1958.1658640849614
BLT,WindOn,1,12,1982,1986.9274749076528
BLT,WindOn,1,13,1982,1994.9280652759628
BLT,WindOn,1,14,1982,1990.7921785162432
BLT,WindOn,1,15,1982,2024.0736052036034
BLT,WindOn,1,16,1982,2045.7161258117887
BLT,WindOn,1,17,1982,2023.6569191399797
BLT,WindOn,1,18,1982,1986.03693526786
BLT,WindOn,1,19,1982,1965.6987064090508
BLT,WindOn,1,20,1982,1945.0959324900823
BLT,WindOn,1,21,1982,1939.2764491962741
BLT,WindOn,1,22,1982,1949.3353255155564
BLT,WindOn,1,23,1982,2079.969122963465
BLT,WindOn,1,24,1982,2017.9189950277168
BLT,WindOn,2,1,1982,3461.2706417492136
BLT,WindOn,2,2,1982,3901.269690366244
BLT,WindOn,2,3,1982,3877.204080265746
BLT,WindOn,2,4,1982,1279.5074836943381
BLT,WindOn,2,5,1982,2717.9655819477457
BLT,WindOn,2,6,1982,4381.523257483496
BLT,WindOn,2,7,1982,1682.4864839349384
BLT,WindOn,2,8,1982,3882.1126769929156
BLT,WindOn,2,9,1982,3933.727374190451
BLT,WindOn,2,10,1982,3904.0053901228907
BLT,WindOn,2,11,1982,1827.412628087392
BLT,WindOn,2,12,1982,3259.883098241916
BLT,WindOn,2,13,1982,1874.6827542449578
BLT,WindOn,2,14,1982,3281.1615121491336
BLT,WindOn,2,15,1982,3343.068793835946
BLT,WindOn,2,16,1982,2020.122478763758
BLT,WindOn,2,17,1982,3498.6866775080507
BLT,WindOn,2,18,1982,3475.316487816398
BLT,WindOn,2,19,1982,3440.0030100346203
BLT,WindOn,2,20,1982,2023.3544474985015
BLT,WindOn,2,21,1982,3325.8104426348327
BLT,WindOn,2,22,1982,1784.4854736679608
BLT,WindOn,2,23,1982,4430.629786906322
BLT,WindOn,2,24,1982,4365.525890585872
BLT,WindOn,3,1,1982,2009.553514546977
BLT,WindOn,3,2,1982,2030.8878150969717
BLT,WindOn,3,3,1982,2094.6173442843256
BLT,WindOn,3,4,1982,2223.7096784253754
BLT,WindOn,3,5,1982,2373.8660444031493
BLT,WindOn,3,6,1982,2540.311340074103
BLT,WindOn,3,7,1982,2689.1953815772667
BLT,WindOn,3,8,1982,2786.3719663836005
BLT,WindOn,3,9,1982,2837.527262413243
BLT,WindOn,3,10,1982,2769.0402657075247
BLT,WindOn,3,11,1982,2785.2298290083036
BLT,WindOn,3,12,1982,2718.218440419781
BLT,WindOn,3,13,1982,2650.917851369146
BLT,WindOn,3,14,1982,2553.1192138788924
BLT,WindOn,3,15,1982,2507.735228823652
BLT,WindOn,3,16,1982,2497.4658809517305
BLT,WindOn,3,17,1982,2512.211849622129
BLT,WindOn,3,18,1982,2501.1263796842436
BLT,WindOn,3,19,1982,2521.318690980473
BLT,WindOn,3,20,1982,2529.7884063430656
BLT,WindOn,3,21,1982,2521.9006162583173
BLT,WindOn,3,22,1982,2469.1144206469794
BLT,WindOn,3,23,1982,2426.8695345480096
BLT,WindOn,3,24,1982,2376.7790631796724
CZE,Nuclear,1,1,1982,7608.657415030894
CZE,Nuclear,1,2,1982,6930.010146036114
CZE,Nuclear,1,3,1982,7146.295009622698
CZE,Nuclear,1,4,1982,6932.047027550175
CZE,Nuclear,1,5,1982,7046.288718364879
CZE,Nuclear,1,6,1982,7890.037790738195
CZE,Nuclear,1,7,1982,7691.5425070188685
CZE,Nuclear,1,8,1982,8000.000000000004
CZE,Nuclear,1,9,1982,8000.000000000004
CZE,Nuclear,1,10,1982,8000.000000000004
CZE,Nuclear,1,11,1982,8000.000000000004
CZE,Nuclear,1,12,1982,8000.000000000004
CZE,Nuclear,1,13,1982,8000.000000000006
CZE,Nuclear,1,14,1982,8000.000000000004
CZE,Nuclear,1,15,1982,8000.000000000002
CZE,Nuclear,1,16,1982,8000.000000000004
CZE,Nuclear,1,17,1982,8000.000000000004
CZE,Nuclear,1,18,1982,8000.000000000004
CZE,Nuclear,1,19,1982,8000.000000000004
CZE,Nuclear,1,20,1982,8000.000000000004
CZE,Nuclear,1,21,1982,8000.000000000004
CZE,Nuclear,1,22,1982,8000.000000000004
CZE,Nuclear,1,23,1982,7639.269654270001
CZE,Nuclear,1,24,1982,8000.000000000004
CZE,Nuclear,2,6,1982,1600.0000000000007
CZE,Nuclear,2,7,1982,3200.0000000000014
CZE,Nuclear,2,8,1982,4800.000000000002
CZE,Nuclear,2,9,1982,6400.000000000003
CZE,Nuclear,2,10,1982,4983.406697469427
CZE,Nuclear,2,11,1982,6583.406697469428
CZE,Nuclear,2,12,1982,6511.534127522209
CZE,Nuclear,2,13,1982,6662.436096920158
CZE,Nuclear,2,14,1982,5641.535178206445
CZE,Nuclear,2,15,1982,6205.7972142739545
CZE,Nuclear,2,16,1982,6547.384317637308
CZE,Nuclear,2,17,1982,7999.999999999999
CZE,Nuclear,2,18,1982,8000.000000000004
CZE,Nuclear,2,19,1982,6887.833094457247
CZE,Nuclear,2,20,1982,7999.999999999998
CZE,Nuclear,2,21,1982,7364.618359441859
CZE,Nuclear,2,22,1982,5764.618359441858
CZE,Nuclear,2,23,1982,6081.106530138175
CZE,Nuclear,2,24,1982,5329.5481409809145
CZE,Nuclear,3,4,1982,1600.0000000000007
CZE,Nuclear,3,5,1982,3200.0000000000014
CZE,Nuclear,3,6,1982,4800.000000000002
CZE,Nuclear,3,7,1982,6400.000000000003
CZE,Nuclear,3,8,1982,8000.000000000004
CZE,Nuclear,3,9,1982,8000.000000000004
CZE,Nuclear,3,10,1982,8000.000000000004
CZE,Nuclear,3,11,1982,7516.268857309809
CZE,Nuclear,3,12,1982,8000.000000000004
CZE,Nuclear,3,13,1982,8000.000000000004
CZE,Nuclear,3,14,1982,8000.000000000004
CZE,Nuclear,3,15,1982,7507.97927315925
CZE,Nuclear,3,16,1982,7730.291318558175
CZE,Nuclear,3,17,1982,8000.000000000004
CZE,Nuclear,3,18,1982,8000.000000000004
CZE,Nuclear,3,19,1982,8000.000000000004
CZE,Nuclear,3,20,1982,6400.000000000003
CZE,Nuclear,3,21,1982,4800.000000000002
CZE,Nuclear,3,22,1982,3200.0000000000014
CZE,Nuclear,3,23,1982,1600.0000000000007
FIN,WindOff,1,1,1982,-1.4343495330097704e-12
FIN,WindOff,1,2,1982,-2.7284841053187847e-12
FIN,WindOff,1,4,1982,-9.094947017729282e-13
FIN,WindOff,1,8,1982,-9.094947017729282e-13
FIN,WindOn,1,1,1982,11348.554428378795
FIN,WindOn,1,2,1982,11315.371658439306
FIN,WindOn,1,3,1982,11367.875076817081
FIN,WindOn,1,4,1982,11536.972279988107
FIN,WindOn,1,5,1982,11880.786158826711
FIN,WindOn,1,6,1982,12023.995526358103
FIN,WindOn,1,7,1982,12090.633315409335
FIN,WindOn,1,8,1982,12151.041329212969
FIN,WindOn,1,9,1982,12128.185057584156
FIN,WindOn,1,10,1982,12142.70761962465
FIN,WindOn,1,11,1982,12088.581389844396
FIN,WindOn,1,12,1982,12001.481033606233
FIN,WindOn,1,13,1982,11972.027590556041
FIN,WindOn,1,14,1982,12083.982107787959
FIN,WindOn,1,15,1982,12283.361791569518
FIN,WindOn,1,16,1982,12378.55600514045
FIN,WindOn,1,17,1982,12295.454293745186
FIN,WindOn,1,18,1982,12091.757744860755
FIN,WindOn,1,19,1982,11930.54635738328
FIN,WindOn,1,20,1982,11847.006723380508
FIN,WindOn,1,21,1982,11831.477622628265
FIN,WindOn,1,22,1982,11810.98853376987
FIN,WindOn,1,23,1982,11671.502985592477
FIN,WindOn,1,24,1982,11512.005374648501
FIN,WindOn,2,1,1982,9669.246392703559
FIN,WindOn,2,2,1982,10519.34385716204
FIN,WindOn,2,3,1982,10495.49231920695
FIN,WindOn,2,4,1982,11657.21263587853
FIN,WindOn,2,5,1982,11826.904441447117
FIN,WindOn,2,6,1982,9900.495597191337
FIN,WindOn,2,7,1982,12105.949350266355
FIN,WindOn,2,8,1982,10116.758313261624
FIN,WindOn,2,9,1982,10082.434152709819
FIN,WindOn,2,10,1982,10121.132105001121
FIN,WindOn,2,11,1982,12144.16748134826
FIN,WindOn,2,12,1982,12133.38442130099
FIN,WindOn,2,13,1982,12148.407080247835
FIN,WindOn,2,14,1982,12250.458122075397
FIN,WindOn,2,15,1982,12459.513147167578
FIN,WindOn,2,16,1982,12536.990312536605
FIN,WindOn,2,17,1982,12536.908203344523
FIN,WindOn,2,18,1982,12499.231003233586
FIN,WindOn,2,19,1982,12392.191285874269
FIN,WindOn,2,20,1982,12169.0100216047
FIN,WindOn,2,21,1982,12228.398020872182
FIN,WindOn,2,22,1982,12133.296523997218
FIN,WindOn,2,23,1982,10475.51748342266
FIN,WindOn,2,24,1982,10292.92250846338
FIN,WindOn,3,1,1982,11204.627828238208
FIN,WindOn,3,2,1982,11015.507756936417
FIN,WindOn,3,3,1982,10916.720202922621
FIN,WindOn,3,4,1982,10824.31962289251
FIN,WindOn,3,5,1982,10808.446141269544
FIN,WindOn,3,6,1982,10790.82062479965
FIN,WindOn,3,7,1982,10898.755161016028
FIN,WindOn,3,8,1982,10981.75144424176
FIN,WindOn,3,9,1982,11038.357584015697
FIN,WindOn,3,10,1982,11032.922173052671
FIN,WindOn,3,11,1982,11532.465010589789
FIN,WindOn,3,12,1982,11196.433830715172
FIN,WindOn,3,13,1982,10882.225162515788
FIN,WindOn,3,14,1982,10705.318116590533
FIN,WindOn,3,15,1982,10762.087605729403
FIN,WindOn,3,16,1982,10727.086656772119
FIN,WindOn,3,17,1982,10691.038343516495
FIN,WindOn,3,18,1982,10627.09644110347
FIN,WindOn,3,19,1982,10675.980551563807
FIN,WindOn,3,20,1982,10691.247065885056
FIN,WindOn,3,21,1982,10734.343550831003
FIN,WindOn,3,22,1982,10775.238376726073
FIN,WindOn,3,23,1982,11446.158005673975
FIN,WindOn,3,24,1982,11256.597785688515
FRA,Nuclear,1,1,1982,52406.97698813397
FRA,Nuclear,1,2,1982,53000.0
FRA,Nuclear,1,3,1982,44298.58203789595
FRA,Nuclear,1,4,1982,51961.09615568929
FRA,Nuclear,1,5,1982,50138.36015717071
FRA,Nuclear,1,6,1982,53000.0
FRA,Nuclear,1,7,1982,53000.0
FRA,Nuclear,1,8,1982,50303.52499281094
FRA,Nuclear,1,9,1982,53000.0
FRA,Nuclear,1,10,1982,53000.0
FRA,Nuclear,1,11,1982,53000.0
FRA,Nuclear,1,12,1982,53000.0
FRA,Nuclear,1,13,1982,51202.78069084906
FRA,Nuclear,1,14,1982,53000.0
FRA,Nuclear,1,15,1982,53000.0
FRA,Nuclear,1,16,1982,53000.0
FRA,Nuclear,1,17,1982,53000.0
FRA,Nuclear,1,18,1982,53000.0
FRA,Nuclear,1,19,1982,53000.0
FRA,Nuclear,1,20,1982,53000.0
FRA,Nuclear,1,21,1982,51044.28022823894
FRA,Nuclear,1,22,1982,53000.0
FRA,Nuclear,1,23,1982,52770.96487591071
FRA,Nuclear,1,24,1982,52616.87447234741
FRA,Nuclear,2,1,1982,45649.53984103425
FRA,Nuclear,2,2,1982,47782.15800163109
FRA,Nuclear,2,3,1982,40136.29150544744
FRA,Nuclear,2,4,1982,40229.29080939295
FRA,Nuclear,2,5,1982,50829.29080939295
FRA,Nuclear,2,6,1982,41548.15478076085
FRA,Nuclear,2,7,1982,39333.165646400565
FRA,Nuclear,2,8,1982,49571.37810832007
FRA,Nuclear,2,9,1982,45629.67054305716
FRA,Nuclear,2,10,1982,50095.47902300939
FRA,Nuclear,2,11,1982,47997.85140229082
FRA,Nuclear,2,12,1982,53000.0
FRA,Nuclear,2,13,1982,53000.0
FRA,Nuclear,2,14,1982,53000.0
FRA,Nuclear,2,15,1982,52313.42560193903
FRA,Nuclear,2,16,1982,49138.92557225508
FRA,Nuclear,2,17,1982,53000.0
FRA,Nuclear,2,18,1982,53000.0
FRA,Nuclear,2,19,1982,53000.0
FRA,Nuclear,2,20,1982,50878.237412557486
FRA,Nuclear,2,21,1982,53000.0
FRA,Nuclear,2,22,1982,53000.0
FRA,Nuclear,2,23,1982,48626.33441737411
FRA,Nuclear,2,24,1982,51267.60402249227
FRA,Nuclear,3,1,1982,51595.3403162952
FRA,Nuclear,3,2,1982,40995.3403162952
FRA,Nuclear,3,3,1982,30395.3403162952
FRA,Nuclear,3,4,1982,27789.83820181594
FRA,Nuclear,3,5,1982,34142.0454979158
FRA,Nuclear,3,6,1982,43380.715204620945
FRA,Nuclear,3,7,1982,52899.41180934572
FRA,Nuclear,3,8,1982,53000.0
FRA,Nuclear,3,9,1982,53000.0
FRA,Nuclear,3,10,1982,51130.68721773708
FRA,Nuclear,3,11,1982,49717.983199764836
FRA,Nuclear,3,12,1982,50705.11425257372
FRA,Nuclear,3,13,1982,53000.0
FRA,Nuclear,3,14,1982,47037.61423693409
FRA,Nuclear,3,15,1982,53000.0
FRA,Nuclear,3,16,1982,49495.06452578142
FRA,Nuclear,3,17,1982,47731.346795036516
FRA,Nuclear,3,18,1982,44182.60305896145
FRA,Nuclear,3,19,1982,49118.91656790098
FRA,Nuclear,3,20,1982,52422.42041413819
FRA,Nuclear,3,21,1982,50766.98444754779
FRA,Nuclear,3,22,1982,47573.127126320695
FRA,Nuclear,3,23,1982,44402.56817408889
FRA,Nuclear,3,24,1982,41995.30154990332
GER,Gas,1,1,1982,12461.203898901496
GER,Gas,1,2,1982,11249.01392161612
GER,Gas,1,3,1982,10944.299034203577
GER,Gas,1,4,1982,12431.005536644388
GER,Gas,1,5,1982,17292.245275801863
GER,Gas,1,6,1982,24202.20899537729
GER,Gas,1,7,1982,30488.115160099416
GER,Gas,1,8,1982,37410.283381083624
GER,Gas,1,9,1982,40045.81671077292
GER,Gas,1,10,1982,40609.62088761702
GER,Gas,1,11,1982,38427.42385796306
GER,Gas,1,12,1982,40485.36923249042
GER,Gas,1,13,1982,42283.31454191545
GER,Gas,1,14,1982,41603.10915412835
GER,Gas,1,15,1982,41357.38797644631
GER,Gas,1,16,1982,37692.424865962406
GER,Gas,1,17,1982,40171.07390964681
GER,Gas,1,18,1982,42499.99999999999
GER,Gas,1,19,1982,40665.43005818987
GER,Gas,1,20,1982,37272.04423589844
GER,Gas,1,21,1982,31476.290771433316
GER,Gas,1,22,1982,21629.958967029223
GER,Gas,1,23,1982,17338.982396190375
GER,Gas,1,24,1982,15798.364179219043
GER,Gas,2,8,1982,809.1377408878598
GER,Gas,2,9,1982,4048.3519768593032
GER,Gas,2,10,1982,6071.487020250029
GER,Gas,2,11,1982,9497.58911134593
GER,Gas,2,12,1982,9970.6750979799
GER,Gas,2,13,1982,9793.66398449556
GER,Gas,2,14,1982,8161.211560436469
GER,Gas,2,15,1982,7233.74204903297
GER,Gas,2,16,1982,8727.168545791654
GER,Gas,2,17,1982,12193.164899498477
GER,Gas,2,18,1982,13291.66454193609
GER,Gas,2,19,1982,13665.064980550716
GER,Gas,2,20,1982,13390.092278669592
GER,Gas,2,21,1982,13056.680011144883
GER,Gas,2,22,1982,11854.567897423352
GER,Gas,2,23,1982,10107.697937533434
GER,Gas,2,24,1982,8200.431297524661
GER,WindOn,1,1,1982,10864.781405477785
GER,WindOn,1,2,1982,10706.728791219564
GER,WindOn,1,3,1982,10720.523578488886
GER,WindOn,1,4,1982,10482.943386991547
GER,WindOn,1,5,1982,10146.59258879707
GER,WindOn,1,6,1982,9963.01842537454
GER,WindOn,1,7,1982,10012.04405490688
GER,WindOn,1,8,1982,10184.35687041153
GER,WindOn,1,9,1982,10302.102060831745
GER,WindOn,1,10,1982,9879.588984193833
GER,WindOn,1,11,1982,8353.647606536551
GER,WindOn,1,12,1982,7161.921640030577
GER,WindOn,1,13,1982,6286.880752609917
GER,WindOn,1,14,1982,5727.797843988202
GER,WindOn,1,15,1982,5889.081558489985
GER,WindOn,1,16,1982,6946.149899945415
GER,WindOn,1,17,1982,8411.708476132591
GER,WindOn,1,18,1982,9465.080928351972
GER,WindOn,1,19,1982,10130.71842017399
GER,WindOn,1,20,1982,10629.139489707704
GER,WindOn,1,21,1982,10905.14676163831
GER,WindOn,1,22,1982,10970.098563573983
GER,WindOn,1,23,1982,10294.28510571234
GER,WindOn,1,24,1982,10628.897988575376
GER,WindOn,2,1,1982,32777.384633628826
GER,WindOn,2,2,1982,32551.07979342767
GER,WindOn,2,3,1982,31664.423240036853
GER,WindOn,2,4,1982,30642.787013443474
GER,WindOn,2,5,1982,30232.503605531438
GER,WindOn,2,6,1982,29626.449461055905
GER,WindOn,2,7,1982,29123.539063965258
GER,WindOn,2,8,1982,28334.571380233134
GER,WindOn,2,9,1982,27500.7641127589
GER,WindOn,2,10,1982,26075.088587331615
GER,WindOn,2,11,1982,22491.283601375588
GER,WindOn,2,12,1982,21557.047256022615
GER,WindOn,2,13,1982,20716.43850000354
GER,WindOn,2,14,1982,20217.214419071453
GER,WindOn,2,15,1982,20234.587269184765
GER,WindOn,2,16,1982,20563.42516496182
GER,WindOn,2,17,1982,21195.680367624227
GER,WindOn,2,18,1982,21629.536850690307
GER,WindOn,2,19,1982,21861.51081443743
GER,WindOn,2,20,1982,21414.92570389541
GER,WindOn,2,21,1982,20818.252540245114
GER,WindOn,2,22,1982,20091.185613919268
GER,WindOn,2,23,1982,20046.863143950024
GER,WindOn,2,24,1982,19362.959977040544
GER,WindOn,3,1,1982,35904.553120032215
GER,WindOn,3,2,1982,36258.52281819214
GER,WindOn,3,3,1982,36743.995746800545
GER,WindOn,3,4,1982,37254.09900271116
GER,WindOn,3,5,1982,37773.327089308536
GER,WindOn,3,6,1982,38023.59559949724
GER,WindOn,3,7,1982,38369.77799917814
GER,WindOn,3,8,1982,38537.18861703951
GER,WindOn,3,9,1982,38646.23181119014
GER,WindOn,3,10,1982,38611.465741190426
GER,WindOn,3,11,1982,38471.211829321124
GER,WindOn,3,12,1982,38241.40905197209
GER,WindOn,3,13,1982,38364.96263540467
GER,WindOn,3,14,1982,38203.606091407164
GER,WindOn,3,15,1982,38138.84442268448
GER,WindOn,3,16,1982,38492.83802769707
GER,WindOn,3,17,1982,39685.936149640416
GER,WindOn,3,18,1982,40876.44873140505
GER,WindOn,3,19,1982,41723.91333294444
GER,WindOn,3,20,1982,42288.96116228131
GER,WindOn,3,21,1982,42464.83211213668
GER,WindOn,3,22,1982,42649.872849197476
GER,WindOn,3,23,1982,42761.13786673548
GER,WindOn,3,24,1982,42951.12677777479
IRE,WindOff,1,23,1982,-1.3642420526593924e-12
IRE,WindOff,2,1,1982,-1.3642420526593924e-12
IRE,WindOff,2,2,1982,-2.2737367544323206e-12
IRE,WindOff,2,3,1982,-1.3642420526593924e-12
IRE,WindOff,2,4,1982,-1.3642420526593924e-12
IRE,WindOff,3,2,1982,-1.3642420526593924e-12
IRE,WindOff,3,4,1982,-1.3642420526593924e-12
IRE,WindOff,3,5,1982,-1.3642420526593924e-12
IRE,WindOff,3,6,1982,-1.3642420526593924e-12
IRE,WindOff,3,7,1982,-1.3642420526593924e-12
IRE,WindOff,3,9,1982,-1.3642420526593924e-12
IRE,WindOff,3,11,1982,-2.2737367544323206e-12
IRE,WindOff,3,12,1982,-2.2737367544323206e-12
IRE,WindOff,3,16,1982,-2.2737367544323206e-12
IRE,WindOff,3,17,1982,-1.3642420526593924e-12
IRE,WindOff,3,20,1982,-2.2737367544323206e-12
IRE,WindOff,3,22,1982,-1.3642420526593924e-12
IRE,WindOff,3,24,1982,-1.3642420526593924e-12
IRE,WindOn,1,1,1982,5604.6709551329595
IRE,WindOn,1,2,1982,5489.646497654626
IRE,WindOn,1,3,1982,5403.922679302202
IRE,WindOn,1,4,1982,5217.8941664849535
IRE,WindOn,1,5,1982,5107.067724224283
IRE,WindOn,1,6,1982,5115.663663066308
IRE,WindOn,1,7,1982,5135.081478870089
IRE,WindOn,1,8,1982,5314.83152843047
IRE,WindOn,1,9,1982,5537.054507698157
IRE,WindOn,1,10,1982,5698.952552889555
IRE,WindOn,1,11,1982,5772.047972609462
IRE,WindOn,1,12,1982,5867.077990872271
IRE,WindOn,1,13,1982,5848.283370332732
IRE,WindOn,1,14,1982,5929.507288357216
IRE,WindOn,1,15,1982,5925.827422378208
IRE,WindOn,1,16,1982,5891.8583728627655
IRE,WindOn,1,17,1982,5856.778253233672
IRE,WindOn,1,18,1982,5898.686309218131
IRE,WindOn,1,19,1982,5921.180490368961
IRE,WindOn,1,20,1982,6056.7222137950375
IRE,WindOn,1,21,1982,6145.14086333852
IRE,WindOn,1,22,1982,6262.643935568092
IRE,WindOn,1,23,1982,6129.961670216921
IRE,WindOn,1,24,1982,6066.700669557688
IRE,WindOn,2,1,1982,6336.200234717748
IRE,WindOn,2,2,1982,6228.530276000589
IRE,WindOn,2,3,1982,6149.8524437945725
IRE,WindOn,2,4,1982,6099.940885783061
IRE,WindOn,2,5,1982,6076.98389128286
IRE,WindOn,2,6,1982,6064.66064277301
IRE,WindOn,2,7,1982,6102.381134251784
IRE,WindOn,2,8,1982,6178.942446420345
IRE,WindOn,2,9,1982,6222.165584726138
IRE,WindOn,2,10,1982,6378.211858779983
IRE,WindOn,2,11,1982,6202.200275937185
IRE,WindOn,2,12,1982,5903.9665425380435
IRE,WindOn,2,13,1982,5730.828002233755
IRE,WindOn,2,14,1982,5488.636309655088
IRE,WindOn,2,15,1982,5235.579521972513
IRE,WindOn,2,16,1982,5317.72688685266
IRE,WindOn,2,17,1982,5347.510101131235
IRE,WindOn,2,18,1982,5711.350564799189
IRE,WindOn,2,19,1982,6006.259284550021
IRE,WindOn,2,20,1982,6218.3348207123245
IRE,WindOn,2,21,1982,6296.60557826884
IRE,WindOn,2,22,1982,6223.181730987217
IRE,WindOn,2,23,1982,6514.9002437111
IRE,WindOn,2,24,1982,6315.72938651529
IRE,WindOn,3,1,1982,5920.268371238931
IRE,WindOn,3,2,1982,5821.896798622954
IRE,WindOn,3,3,1982,5749.210195701632
IRE,WindOn,3,4,1982,5706.905434873636
IRE,WindOn,3,5,1982,5693.521505804657
IRE,WindOn,3,6,1982,5702.186643995353
IRE,WindOn,3,7,1982,5799.6025165209185
IRE,WindOn,3,8,1982,5999.074046725871
IRE,WindOn,3,9,1982,6117.398803045876
IRE,WindOn,3,10,1982,6188.11759978577
IRE,WindOn,3,11,1982,6229.725501619336
IRE,WindOn,3,12,1982,6253.219498883351
IRE,WindOn,3,13,1982,6277.104716630413
IRE,WindOn,3,14,1982,6267.993189362152
IRE,WindOn,3,15,1982,6240.323773105918
IRE,WindOn,3,16,1982,6248.713583019569
IRE,WindOn,3,17,1982,6322.954974607263
IRE,WindOn,3,18,1982,6499.456453148701
IRE,WindOn,3,19,1982,6530.145203660789
IRE,WindOn,3,20,1982,6454.28752858527
IRE,WindOn,3,21,1982,6362.011383649076
IRE,WindOn,3,22,1982,6259.629004044427
IRE,WindOn,3,23,1982,6126.992192737164
IRE,WindOn,3,24,1982,6060.23152214128
ITA,Gas,1,17,1982,3944.7360995801237
ITA,Gas,1,18,1982,6999.999999999987
ITA,Gas,1,19,1982,5249.999999999991
ITA,Gas,3,8,1982,1676.5260582893084
ITA,Gas,3,9,1982,1336.8228921072737
ITA,Gas,3,10,1982,1414.5859450849707
ITA,Gas,3,11,1982,1319.9270945084882
ITA,Gas,3,12,1982,70.28195017530606
ITA,Gas,3,15,1982,313.06257715899346
ITA,Gas,3,16,1982,2035.3530447427206
ITA,Gas,3,17,1982,4870.338443707145
ITA,Gas,3,18,1982,5975.962572162063
ITA,Gas,3,19,1982,4697.568645775499
ITA,Gas,3,20,1982,2111.7170983700903
ITA,Gas,3,21,1982,6.081875529552349
ITA,SunPV,1,8,1982,442.6449311236283
ITA,SunPV,1,9,1982,1811.6302713936866
ITA,SunPV,1,10,1982,2328.298743442968
ITA,SunPV,1,11,1982,2673.4514837435154
ITA,SunPV,1,12,1982,2850.8318681555515
ITA,SunPV,1,13,1982,2688.5660794631294
ITA,SunPV,1,14,1982,2400.936748806569
ITA,SunPV,1,15,1982,1884.002647233642
ITA,SunPV,1,16,1982,543.862266396387
ITA,SunPV,2,8,1982,224.2629124784832
ITA,SunPV,2,9,1982,1262.6631856760894
ITA,SunPV,2,10,1982,1751.3313450153205
ITA,SunPV,2,11,1982,1993.1661039018138
ITA,SunPV,2,12,1982,2167.881535436752
ITA,SunPV,2,13,1982,2057.0624236104795
ITA,SunPV,2,14,1982,1742.5752927545032
ITA,SunPV,2,15,1982,1254.9886981430989
ITA,SunPV,2,16,1982,206.89442948329423
ITA,SunPV,3,8,1982,478.87272652691394
ITA,SunPV,3,9,1982,1647.3175156914554
ITA,SunPV,3,10,1982,2149.8268946697826
ITA,SunPV,3,11,1982,2444.2578886266333
ITA,SunPV,3,12,1982,2615.3512645359915
ITA,SunPV,3,13,1982,2487.2368418102524
ITA,SunPV,3,14,1982,2222.0751021782858
ITA,SunPV,3,15,1982,1788.4587448578995
ITA,SunPV,3,16,1982,665.5917658717945
ITA,SunPV,3,17,1982,1.496381577131832
ITA,WindOff,1,1,1982,15736.154613419956
ITA,WindOff,1,2,1982,15421.550226794177
ITA,WindOff,1,3,1982,14954.49812136185
ITA,WindOff,1,4,1982,14205.149245088905
ITA,WindOff,1,5,1982,13940.909048237902
ITA,WindOff,1,6,1982,14148.181646816096
ITA,WindOff,1,7,1982,14127.736628467665
ITA,WindOff,1,8,1982,13943.771786103263
ITA,WindOff,1,9,1982,13808.056014230353
ITA,WindOff,1,10,1982,13831.887176337335
ITA,WindOff,1,11,1982,14768.222708549361
ITA,WindOff,1,12,1982,15472.310724177829
ITA,WindOff,1,13,1982,15987.70163655096
ITA,WindOff,1,14,1982,16344.047624731547
ITA,WindOff,1,15,1982,16336.897830036416
ITA,WindOff,1,16,1982,16272.1724970189
ITA,WindOff,1,17,1982,16356.976030130432
ITA,WindOff,1,18,1982,16604.67035532071
ITA,WindOff,1,19,1982,16944.513851255233
ITA,WindOff,1,20,1982,17171.657311867348
ITA,WindOff,1,21,1982,17140.132675449382
ITA,WindOff,1,22,1982,16992.874186207096
ITA,WindOff,1,23,1982,17109.023098153903
ITA,WindOff,1,24,1982,17570.23749690149
ITA,WindOff,2,1,1982,19054.12815375079
ITA,WindOff,2,2,1982,19240.883134933727
ITA,WindOff,2,3,1982,18599.092669370613
ITA,WindOff,2,4,1982,17993.3264519344
ITA,WindOff,2,5,1982,19360.05586318345
ITA,WindOff,2,6,1982,21148.723829649254
ITA,WindOff,2,7,1982,21044.850756512395
ITA,WindOff,2,8,1982,20597.023634318964
ITA,WindOff,2,9,1982,19770.203702913917
ITA,WindOff,2,10,1982,19417.332020386806
ITA,WindOff,2,11,1982,19361.29438335154
ITA,WindOff,2,12,1982,18852.82683653711
ITA,WindOff,2,13,1982,19217.043389899445
ITA,WindOff,2,14,1982,19459.854085903717
ITA,WindOff,2,15,1982,18704.728910450434
ITA,WindOff,2,16,1982,17475.956226079586
ITA,WindOff,2,17,1982,17625.919363712575
ITA,WindOff,2,18,1982,18820.428948836154
ITA,WindOff,2,19,1982,19893.553567199022
ITA,WindOff,2,20,1982,20079.439783449485
ITA,WindOff,2,21,1982,19987.10005933286
ITA,WindOff,2,22,1982,19658.210339545967
ITA,WindOff,2,23,1982,19198.62131727903
ITA,WindOff,2,24,1982,18078.44564529537
ITA,WindOff,3,1,1982,14516.905985147625
ITA,WindOff,3,2,1982,14421.277460379051
ITA,WindOff,3,3,1982,13870.552025752293
ITA,WindOff,3,4,1982,12761.083309197924
ITA,WindOff,3,5,1982,12132.77549215646
ITA,WindOff,3,6,1982,11884.421599647183
ITA,WindOff,3,7,1982,12025.058649277653
ITA,WindOff,3,8,1982,12060.202040548102
ITA,WindOff,3,9,1982,12275.022097162755
ITA,WindOff,3,10,1982,12373.195564239226
ITA,WindOff,3,11,1982,11857.862821484458
ITA,WindOff,3,12,1982,11382.367091640612
ITA,WindOff,3,13,1982,11568.182384805787
ITA,WindOff,3,14,1982,11717.989802734597
ITA,WindOff,3,15,1982,11834.967136934602
ITA,WindOff,3,16,1982,11659.098099883142
ITA,WindOff,3,17,1982,11387.046811631366
ITA,WindOff,3,18,1982,11536.939801432864
ITA,WindOff,3,19,1982,11885.642367148896
ITA,WindOff,3,20,1982,12121.088912969044
ITA,WindOff,3,21,1982,12291.973091015863
ITA,WindOff,3,22,1982,12279.162299128739
ITA,WindOff,3,23,1982,11944.76059198032
ITA,WindOff,3,24,1982,11645.46080865049
ITA,WindOn,1,1,1982,544.2390376043282
ITA,WindOn,1,2,1982,576.0546574482712
ITA,WindOn,1,3,1982,600.0052438468578
ITA,WindOn,1,4,1982,608.631775330692
ITA,WindOn,1,5,1982,610.8728443525722
ITA,WindOn,1,6,1982,607.8312084656594
ITA,WindOn,1,7,1982,589.2230495842034
ITA,WindOn,1,8,1982,553.7432953449904
ITA,WindOn,1,9,1982,530.8589840623849
ITA,WindOn,1,10,1982,505.4372224757798
ITA,WindOn,1,11,1982,473.01284048598365
ITA,WindOn,1,12,1982,449.9813298875666
ITA,WindOn,1,13,1982,460.57862955204774
ITA,WindOn,1,14,1982,474.143507683307
ITA,WindOn,1,15,1982,484.58374160100544
ITA,WindOn,1,16,1982,491.11157643862504
ITA,WindOn,1,17,1982,510.85361339901516
ITA,WindOn,1,18,1982,519.7105321800268
ITA,WindOn,1,19,1982,541.2130466308297
ITA,WindOn,1,20,1982,555.578268634883
ITA,WindOn,1,21,1982,564.5260442301428
ITA,WindOn,1,22,1982,574.6776251184191
ITA,WindOn,1,23,1982,608.8034243791499
ITA,WindOn,1,24,1982,623.1611230302614
ITA,WindOn,2,1,1982,666.4679604076736
ITA,WindOn,2,2,1982,656.772415194794
ITA,WindOn,2,3,1982,605.9601810032574
ITA,WindOn,2,4,1982,588.240321629045
ITA,WindOn,2,5,1982,595.8311444001778
ITA,WindOn,2,6,1982,601.798998987449
ITA,WindOn,2,7,1982,587.6806718664902
ITA,WindOn,2,8,1982,581.580269239919
ITA,WindOn,2,9,1982,609.7172537702226
ITA,WindOn,2,10,1982,642.6163079753526
ITA,WindOn,2,11,1982,678.9373986848914
ITA,WindOn,2,12,1982,666.1012590217658
ITA,WindOn,2,13,1982,657.6403188418736
ITA,WindOn,2,14,1982,690.7450576039779
ITA,WindOn,2,15,1982,745.3431356341634
ITA,WindOn,2,16,1982,788.0859272277843
ITA,WindOn,2,17,1982,848.5550775357754
ITA,WindOn,2,18,1982,872.7790786499008
ITA,WindOn,2,19,1982,871.3310549474392
ITA,WindOn,2,20,1982,856.4991467744678
ITA,WindOn,2,21,1982,792.5445255755687
ITA,WindOn,2,22,1982,722.6589110804493
ITA,WindOn,2,23,1982,692.5256917583736
ITA,WindOn,2,24,1982,684.4464742110753
ITA,WindOn,3,1,1982,596.995159151156
ITA,WindOn,3,2,1982,589.1688330926132
ITA,WindOn,3,3,1982,580.2335086939393
ITA,WindOn,3,4,1982,566.7743849287325
ITA,WindOn,3,5,1982,565.4895927800864
ITA,WindOn,3,6,1982,556.410116388541
ITA,WindOn,3,7,1982,545.1032263440635
ITA,WindOn,3,8,1982,535.5972175942035
ITA,WindOn,3,9,1982,512.1933183134907
ITA,WindOn,3,10,1982,479.6220942301794
ITA,WindOn,3,11,1982,470.44241699311476
ITA,WindOn,3,12,1982,468.3584046901573
ITA,WindOn,3,13,1982,474.24754683523474
ITA,WindOn,3,14,1982,481.2875724323118
ITA,WindOn,3,15,1982,483.32166851194097
ITA,WindOn,3,16,1982,482.09039598173
ITA,WindOn,3,17,1982,507.08502958722596
ITA,WindOn,3,18,1982,516.8642322717517
ITA,WindOn,3,19,1982,511.0289239117472
ITA,WindOn,3,20,1982,516.5571814818019
ITA,WindOn,3,21,1982,516.8921747903959
ITA,WindOn,3,22,1982,517.434580133074
ITA,WindOn,3,23,1982,494.6099861788508
ITA,WindOn,3,24,1982,481.4527182372452
NED,WindOff,1,1,1982,10711.763679789563
NED,WindOff,1,2,1982,10179.0436134109
NED,WindOff,1,3,1982,9930.03613500323
NED,WindOff,1,4,1982,9799.255811626972
NED,WindOff,1,5,1982,9487.506754773725
NED,WindOff,1,6,1982,9062.242567893834
NED,WindOff,1,7,1982,8859.249516647073
NED,WindOff,1,8,1982,8911.754816733022
NED,WindOff,1,9,1982,9122.60116443022
NED,WindOff,1,10,1982,9808.679380676227
NED,WindOff,1,11,1982,9752.072322777401
NED,WindOff,1,12,1982,9713.608430941758
NED,WindOff,1,13,1982,9991.207745977843
NED,WindOff,1,14,1982,10000.242659270916
NED,WindOff,1,15,1982,9631.576589824299
NED,WindOff,1,16,1982,9217.797784418532
NED,WindOff,1,17,1982,9463.02776580632
NED,WindOff,1,18,1982,10311.657794336976
NED,WindOff,1,19,1982,11127.694788805
NED,WindOff,1,20,1982,11930.559259355978
NED,WindOff,1,21,1982,12576.860719455732
NED,WindOff,1,22,1982,13150.500466213261
NED,WindOff,1,23,1982,12998.970595851899
NED,WindOff,1,24,1982,13079.759172729315
NED,WindOff,2,1,1982,13919.620759314344
NED,WindOff,2,2,1982,13038.47742332561
NED,WindOff,2,3,1982,12929.995467736528
NED,WindOff,2,4,1982,13001.178989682716
NED,WindOff,2,5,1982,11831.82970458593
NED,WindOff,2,6,1982,10480.834908320256
NED,WindOff,2,7,1982,9756.039236148312
NED,WindOff,2,8,1982,9105.801523752696
NED,WindOff,2,9,1982,8774.576808965545
NED,WindOff,2,10,1982,9061.474222672898
NED,WindOff,2,11,1982,9558.337852273367
NED,WindOff,2,12,1982,10756.970445427985
NED,WindOff,2,13,1982,12079.034703446223
NED,WindOff,2,14,1982,12755.657302217664
NED,WindOff,2,15,1982,13410.204184475779
NED,WindOff,2,16,1982,14145.03408173318
NED,WindOff,2,17,1982,14868.842716728248
NED,WindOff,2,18,1982,14757.250890326568
NED,WindOff,2,19,1982,13925.553068345322
NED,WindOff,2,20,1982,12461.045629771781
NED,WindOff,2,21,1982,10992.07779972142
NED,WindOff,2,22,1982,9740.992987584666
NED,WindOff,2,23,1982,7704.140052159497
NED,WindOff,2,24,1982,6922.398605540698
NED,WindOff,3,1,1982,20749.308863795897
NED,WindOff,3,2,1982,21380.939955612124
NED,WindOff,3,3,1982,22224.67782341747
NED,WindOff,3,4,1982,22332.87904685545
NED,WindOff,3,5,1982,22426.331206926476
NED,WindOff,3,6,1982,21964.053673054634
NED,WindOff,3,7,1982,22112.97474367598
NED,WindOff,3,8,1982,21783.32910178216
NED,WindOff,3,9,1982,21624.29948348985
NED,WindOff,3,10,1982,21686.74718690241
NED,WindOff,3,11,1982,21472.16186958755
NED,WindOff,3,12,1982,21699.765370627778
NED,WindOff,3,13,1982,22860.470383487132
NED,WindOff,3,14,1982,22102.986149109758
NED,WindOff,3,15,1982,21700.47907532969
NED,WindOff,3,16,1982,22268.77956777455
NED,WindOff,3,17,1982,23406.72888908369
NED,WindOff,3,18,1982,24312.00178512661
NED,WindOff,3,19,1982,24473.404765514795
NED,WindOff,3,20,1982,24826.17185209869
NED,WindOff,3,21,1982,24226.953277261273
NED,WindOff,3,22,1982,23866.011961853954
NED,WindOff,3,23,1982,23710.00574406597
NED,WindOff,3,24,1982,23024.04593275753
NOR,WindOn,1,1,1982,28542.518403825463
NOR,WindOn,1,2,1982,28971.66896346728
NOR,WindOn,1,3,1982,28969.83494923762
NOR,WindOn,1,4,1982,29016.420893932456
NOR,WindOn,1,5,1982,28191.575004595426
NOR,WindOn,1,6,1982,28143.922331718695
NOR,WindOn,1,7,1982,28276.98723302897
NOR,WindOn,1,8,1982,28283.089177744623
NOR,WindOn,1,9,1982,28320.76129563888
NOR,WindOn,1,10,1982,27818.107384864525
NOR,WindOn,1,11,1982,27925.85360764845
NOR,WindOn,1,12,1982,28261.251566916973
NOR,WindOn,1,13,1982,28359.891684578673
NOR,WindOn,1,14,1982,28456.68860562027
NOR,WindOn,1,15,1982,27988.091506981837
NOR,WindOn,1,16,1982,28214.15591718024
NOR,WindOn,1,17,1982,27993.771330962103
NOR,WindOn,1,18,1982,27776.93079121714
NOR,WindOn,1,19,1982,27671.262823208108
NOR,WindOn,1,20,1982,27957.81689724594
NOR,WindOn,1,21,1982,28337.35163260741
NOR,WindOn,1,22,1982,27749.923633221635
NOR,WindOn,1,23,1982,27510.39652576756
NOR,WindOn,1,24,1982,26173.525437888882
NOR,WindOn,2,1,1982,33953.836295303416
NOR,WindOn,2,2,1982,32959.71282353524
NOR,WindOn,2,3,1982,33516.11158891665
NOR,WindOn,2,4,1982,34077.68213386519
NOR,WindOn,2,5,1982,34059.715656103035
NOR,WindOn,2,6,1982,34596.96867733298
NOR,WindOn,2,7,1982,35259.02458083873
NOR,WindOn,2,8,1982,34919.07822013267
NOR,WindOn,2,9,1982,34796.37174597207
NOR,WindOn,2,10,1982,34753.73356213638
NOR,WindOn,2,11,1982,35762.42833099694
NOR,WindOn,2,12,1982,35196.90891330464
NOR,WindOn,2,13,1982,33422.01316747439
NOR,WindOn,2,14,1982,31588.17179050112
NOR,WindOn,2,15,1982,31187.08252855977
NOR,WindOn,2,16,1982,31905.83024399314
NOR,WindOn,2,17,1982,32381.62360111069
NOR,WindOn,2,18,1982,31460.299832569923
NOR,WindOn,2,19,1982,29553.325114819465
NOR,WindOn,2,20,1982,27788.961198194065
NOR,WindOn,2,21,1982,26044.111626801205
NOR,WindOn,2,22,1982,24568.373962348363
NOR,WindOn,2,23,1982,23338.333198223772
NOR,WindOn,2,24,1982,22404.493837840302
NOR,WindOn,3,1,1982,19217.767651318318
NOR,WindOn,3,2,1982,21622.781808080694
NOR,WindOn,3,3,1982,22247.82269879914
NOR,WindOn,3,4,1982,23268.75936872921
NOR,WindOn,3,5,1982,24233.38300756995
NOR,WindOn,3,6,1982,26474.430489550454
NOR,WindOn,3,7,1982,30170.045047481613
NOR,WindOn,3,8,1982,33588.345231317886
NOR,WindOn,3,9,1982,36573.87229161831
NOR,WindOn,3,10,1982,37345.925764844396
NOR,WindOn,3,11,1982,35528.077314114584
NOR,WindOn,3,12,1982,34659.733692063375
NOR,WindOn,3,13,1982,33380.54974627624
NOR,WindOn,3,14,1982,33053.40222839284
NOR,WindOn,3,15,1982,32803.94288394803
NOR,WindOn,3,16,1982,33026.64803322182
NOR,WindOn,3,17,1982,33523.06917738798
NOR,WindOn,3,18,1982,34103.44214560053
NOR,WindOn,3,19,1982,34676.368638274565
NOR,WindOn,3,20,1982,34780.465586628736
NOR,WindOn,3,21,1982,34193.64511314249
NOR,WindOn,3,22,1982,33260.68062291971
NOR,WindOn,3,23,1982,31142.043978213984
NOR,WindOn,3,24,1982,27311.750750748553
POL,Gas,1,10,1982,1178.8194496507601
POL,Gas,1,11,1982,5866.319449650762
POL,Gas,1,12,1982,2930.9399708105875
POL,Gas,1,13,1982,3043.467676422234
POL,Gas,1,14,1982,2785.324638856853
POL,Gas,1,15,1982,2111.1990798906245
POL,Gas,1,16,1982,6250.0
POL,Gas,1,17,1982,5832.5145871703435
POL,Gas,1,18,1982,6250.000000000002
POL,Gas,1,19,1982,5753.847979773035
POL,Gas,1,20,1982,1066.3479797730333
POL,Gas,1,22,1982,3650.530642548136
POL,Gas,1,23,1982,2905.4554553149137
POL,WindOff,3,10,1982,-1.8189894035458565e-12
POL,WindOn,1,1,1982,11333.413642095848
POL,WindOn,1,2,1982,11148.076738467278
POL,WindOn,1,3,1982,11255.324683190076
POL,WindOn,1,4,1982,11220.034047975514
POL,WindOn,1,5,1982,11053.81616220075
POL,WindOn,1,6,1982,10930.999770764976
POL,WindOn,1,7,1982,10796.301452715006
POL,WindOn,1,8,1982,10672.417550346632
POL,WindOn,1,9,1982,10331.87107356106
POL,WindOn,1,10,1982,9325.135653895457
POL,WindOn,1,11,1982,8098.243521028251
POL,WindOn,1,12,1982,7149.662064291726
POL,WindOn,1,13,1982,6755.2223797191955
POL,WindOn,1,14,1982,6706.535590946516
POL,WindOn,1,15,1982,7190.3217828561765
POL,WindOn,1,16,1982,8154.410682453465
POL,WindOn,1,17,1982,9113.09317991065
POL,WindOn,1,18,1982,9586.119553575605
POL,WindOn,1,19,1982,9756.919541265328
POL,WindOn,1,20,1982,9690.746089625649
POL,WindOn,1,21,1982,9525.967739825366
POL,WindOn,1,22,1982,9197.12421039784
POL,WindOn,1,23,1982,9080.262343766162
POL,WindOn,1,24,1982,8665.727048877667
POL,WindOn,2,1,1982,16920.79497109598
POL,WindOn,2,2,1982,15328.819343748019
POL,WindOn,2,3,1982,15290.772851707854
POL,WindOn,2,4,1982,15396.042337986128
POL,WindOn,2,5,1982,14093.643509791886
POL,WindOn,2,6,1982,16260.510093917072
POL,WindOn,2,7,1982,16875.706420225622
POL,WindOn,2,8,1982,18106.989454990045
POL,WindOn,2,9,1982,18854.66775049224
POL,WindOn,2,10,1982,19467.56795674796
POL,WindOn,2,11,1982,19557.369420116396
POL,WindOn,2,12,1982,18043.537104411247
POL,WindOn,2,13,1982,19282.501664445568
POL,WindOn,2,14,1982,17603.66406868181
POL,WindOn,2,15,1982,17504.933885331506
POL,WindOn,2,16,1982,19310.967596143943
POL,WindOn,2,17,1982,17947.290683675612
POL,WindOn,2,18,1982,17877.274639357678
POL,WindOn,2,19,1982,17741.77592831463
POL,WindOn,2,20,1982,18866.46676808106
POL,WindOn,2,21,1982,17121.430027354043
POL,WindOn,2,22,1982,18196.835172473984
POL,WindOn,2,23,1982,15998.950070017154
POL,WindOn,2,24,1982,16003.170471856145
POL,WindOn,3,1,1982,17174.631834687432
POL,WindOn,3,2,1982,16967.523039964035
POL,WindOn,3,3,1982,16935.453455391944
POL,WindOn,3,4,1982,17173.025133016192
POL,WindOn,3,5,1982,17631.75689515668
POL,WindOn,3,6,1982,18833.86551735452
POL,WindOn,3,7,1982,19753.786737497518
POL,WindOn,3,8,1982,20372.212768335892
POL,WindOn,3,9,1982,20826.559763659767
POL,WindOn,3,10,1982,21100.52517562982
POL,WindOn,3,11,1982,21135.13450711586
POL,WindOn,3,12,1982,20982.50370013641
POL,WindOn,3,13,1982,20784.06000625027
POL,WindOn,3,14,1982,20523.11024733519
POL,WindOn,3,15,1982,20383.69700024321
POL,WindOn,3,16,1982,20650.25384152356
POL,WindOn,3,17,1982,20717.81759556124
POL,WindOn,3,18,1982,20600.637633197803
POL,WindOn,3,19,1982,20504.706544992398
POL,WindOn,3,20,1982,20181.046973313045
POL,WindOn,3,21,1982,19573.30104768498
POL,WindOn,3,22,1982,19030.11499216166
POL,WindOn,3,23,1982,18210.94835626289
POL,WindOn,3,24,1982,17536.4131162391
POR,Gas,1,13,1982,149.21246183791965
POR,Gas,1,17,1982,374.99999999998664
POR,Gas,1,18,1982,499.9999999999822
POR,Gas,1,19,1982,343.26784447796416
POR,Gas,1,20,1982,417.93077722773717
POR,Gas,1,21,1982,187.2584195265506
POR,Gas,2,19,1982,120.69178242858601
POR,Gas,2,20,1982,142.72685990061558
POR,Gas,3,19,1982,92.57406703904962
POR,Gas,3,20,1982,162.08404341688617
POR,WindOn,1,1,1982,474.659967257552
POR,WindOn,1,2,1982,454.21293687372605
POR,WindOn,1,3,1982,436.7769101269802
POR,WindOn,1,4,1982,425.34586215963833
POR,WindOn,1,5,1982,409.6596007847551
POR,WindOn,1,6,1982,397.26266748465804
POR,WindOn,1,7,1982,391.0218672716138
POR,WindOn,1,8,1982,397.7237306497881
POR,WindOn,1,9,1982,390.75664267104105
POR,WindOn,1,10,1982,390.1645764122568
POR,WindOn,1,11,1982,393.8926821171301
POR,WindOn,1,12,1982,400.54513846286017
POR,WindOn,1,13,1982,462.38962168980714
POR,WindOn,1,14,1982,507.31012995172404
POR,WindOn,1,15,1982,525.1024071296313
POR,WindOn,1,16,1982,526.510813849179
POR,WindOn,1,17,1982,508.81779607433845
POR,WindOn,1,18,1982,494.79144048281796
POR,WindOn,1,19,1982,503.8041098910533
POR,WindOn,1,20,1982,509.89738879422646
POR,WindOn,1,21,1982,520.9623982204141
POR,WindOn,1,22,1982,535.1701852899027
POR,WindOn,1,23,1982,510.7744437275457
POR,WindOn,1,24,1982,519.6777456947599
POR,WindOn,2,1,1982,770.6716621050601
POR,WindOn,2,2,1982,755.7727542889497
POR,WindOn,2,3,1982,751.4497582612213
POR,WindOn,2,4,1982,781.0702898566773
POR,WindOn,2,5,1982,721.2889362174413
POR,WindOn,2,6,1982,637.5405236224049
POR,WindOn,2,7,1982,555.7997659594456
POR,WindOn,2,8,1982,530.0058906469179
POR,WindOn,2,9,1982,536.3909420765829
POR,WindOn,2,10,1982,529.9796836551717
POR,WindOn,2,11,1982,441.8400449256925
POR,WindOn,2,12,1982,418.11352813902846
POR,WindOn,2,13,1982,426.6783087316036
POR,WindOn,2,14,1982,421.9832882920102
POR,WindOn,2,15,1982,392.87710295939587
POR,WindOn,2,16,1982,317.6516652526787
POR,WindOn,2,17,1982,260.77971089873125
POR,WindOn,2,18,1982,262.08572445467166
POR,WindOn,2,19,1982,297.835715824635
POR,WindOn,2,20,1982,321.1709686201721
POR,WindOn,2,21,1982,341.6135815937202
POR,WindOn,2,22,1982,384.72216436820963
POR,WindOn,2,23,1982,346.4047658896799
POR,WindOn,2,24,1982,404.9699778628396
POR,WindOn,3,1,1982,741.0260936990833
POR,WindOn,3,2,1982,750.0559512691196
POR,WindOn,3,3,1982,737.9577984520614
POR,WindOn,3,4,1982,732.8223747284685
POR,WindOn,3,5,1982,725.3960871568208
POR,WindOn,3,6,1982,722.70309856602
POR,WindOn,3,7,1982,719.5830026221382
POR,WindOn,3,8,1982,713.7204322640225
POR,WindOn,3,9,1982,724.4470476141257
POR,WindOn,3,10,1982,720.0828031372461
POR,WindOn,3,11,1982,632.269584349919
POR,WindOn,3,12,1982,641.1946633314183
POR,WindOn,3,13,1982,653.1125282822073
POR,WindOn,3,14,1982,672.2989577506569
POR,WindOn,3,15,1982,696.7396378142041
POR,WindOn,3,16,1982,687.2936245584597
POR,WindOn,3,17,1982,680.0444453220549
POR,WindOn,3,18,1982,666.2516142691967
POR,WindOn,3,19,1982,695.1240215950684
POR,WindOn,3,20,1982,726.7294710511202
POR,WindOn,3,21,1982,739.0675040280496
POR,WindOn,3,22,1982,754.452936294406
POR,WindOn,3,23,1982,710.8997900384566
POR,WindOn,3,24,1982,742.9944700909286
SKO,Nuclear,1,1,1982,1994.7413184117222
SKO,Nuclear,1,2,1982,2594.7413184117213
SKO,Nuclear,1,3,1982,2399.9999999999955
SKO,Nuclear,1,4,1982,2999.9999999999945
SKO,Nuclear,1,5,1982,2635.871040986368
SKO,Nuclear,1,6,1982,2287.11517791008
SKO,Nuclear,1,7,1982,2887.115177910079
SKO,Nuclear,1,8,1982,2788.5907200110046
SKO,Nuclear,1,9,1982,2965.080751557757
SKO,Nuclear,1,10,1982,2999.9999999999945
SKO,Nuclear,1,11,1982,2999.9999999999945
SKO,Nuclear,1,12,1982,2999.999999999995
SKO,Nuclear,1,13,1982,2999.9999999999945
SKO,Nuclear,1,14,1982,2999.9999999999964
SKO,Nuclear,1,15,1982,2999.9999999999945
SKO,Nuclear,1,16,1982,2999.9999999999945
SKO,Nuclear,1,17,1982,2999.9999999999945
SKO,Nuclear,1,18,1982,2999.999999999995
SKO,Nuclear,1,19,1982,2999.9999999999945
SKO,Nuclear,1,20,1982,2896.129985768451
SKO,Nuclear,1,21,1982,2597.0819581468336
SKO,Nuclear,1,22,1982,2318.5420827475405
SKO,Nuclear,1,23,1982,2400.511228416801
SKO,Nuclear,1,24,1982,1800.5112284168017
SKO,Nuclear,2,8,1982,584.3437318752344
SKO,Nuclear,2,10,1982,599.999999999999
SKO,Nuclear,2,13,1982,599.999999999999
SKO,Nuclear,2,14,1982,599.999999999999
SKO,Nuclear,2,18,1982,599.999999999999
SKO,Nuclear,2,19,1982,1199.999999999998
SKO,Nuclear,2,20,1982,599.999999999999
SKO,Nuclear,3,7,1982,599.999999999999
SKO,Nuclear,3,8,1982,1199.999999999998
SKO,Nuclear,3,9,1982,1799.9999999999968
SKO,Nuclear,3,10,1982,2088.7160202628875
SKO,Nuclear,3,11,1982,2087.162953129593
SKO,Nuclear,3,12,1982,2687.162953129592
SKO,Nuclear,3,13,1982,2999.9999999999945
SKO,Nuclear,3,14,1982,2688.0260001289234
SKO,Nuclear,3,15,1982,2088.0260001289244
SKO,Nuclear,3,16,1982,2688.0260001289234
SKO,Nuclear,3,17,1982,2999.9999999999945
SKO,Nuclear,3,18,1982,2886.7279392088685
SKO,Nuclear,3,19,1982,2765.411552665396
SKO,Nuclear,3,20,1982,2165.411552665397
SKO,Nuclear,3,21,1982,2110.048276932559
SKO,Nuclear,3,22,1982,1510.04827693256
SKO,Nuclear,3,23,1982,910.048276932561
SKO,Nuclear,3,24,1982,310.048276932562
SPA,Nuclear,1,1,1982,18659.1342699281
SPA,Nuclear,1,2,1982,13059.134269928103
SPA,Nuclear,1,3,1982,12248.54305320247
SPA,Nuclear,1,4,1982,12270.096692607385
SPA,Nuclear,1,5,1982,17870.096692607385
SPA,Nuclear,1,6,1982,14725.838496900695
SPA,Nuclear,1,7,1982,20325.838496900695
SPA,Nuclear,1,8,1982,25925.838496900695
SPA,Nuclear,1,9,1982,28000.0
SPA,Nuclear,1,10,1982,28000.0
SPA,Nuclear,1,11,1982,28000.0
SPA,Nuclear,1,12,1982,28000.0
SPA,Nuclear,1,13,1982,28000.0
SPA,Nuclear,1,14,1982,25083.412431343822
SPA,Nuclear,1,15,1982,28000.0
SPA,Nuclear,1,16,1982,28000.0
SPA,Nuclear,1,17,1982,28000.0
SPA,Nuclear,1,18,1982,28000.0
SPA,Nuclear,1,19,1982,28000.0
SPA,Nuclear,1,20,1982,28000.0
SPA,Nuclear,1,21,1982,22400.0
SPA,Nuclear,1,22,1982,23939.098261112165
SPA,Nuclear,1,23,1982,18339.098261112165
SPA,Nuclear,1,24,1982,15167.57726959221
SPA,Nuclear,2,1,1982,12429.293236438076
SPA,Nuclear,2,2,1982,11533.00486253549
SPA,Nuclear,2,3,1982,14247.669229509469
SPA,Nuclear,2,4,1982,19847.66922950947
SPA,Nuclear,2,5,1982,15160.874523058017
SPA,Nuclear,2,6,1982,20760.874523058017
SPA,Nuclear,2,7,1982,22524.792881045498
SPA,Nuclear,2,8,1982,24465.644801420287
SPA,Nuclear,2,9,1982,23192.77777999765
SPA,Nuclear,2,10,1982,17592.77777999765
SPA,Nuclear,2,11,1982,22099.05642137831
SPA,Nuclear,2,12,1982,27699.05642137831
SPA,Nuclear,2,13,1982,22619.71031158121
SPA,Nuclear,2,14,1982,17019.71031158121
SPA,Nuclear,2,15,1982,20338.13804404732
SPA,Nuclear,2,16,1982,25938.13804404732
SPA,Nuclear,2,17,1982,25291.644498551126
SPA,Nuclear,2,18,1982,28000.0
SPA,Nuclear,2,19,1982,28000.0
SPA,Nuclear,2,20,1982,28000.0
SPA,Nuclear,2,21,1982,22473.406874930373
SPA,Nuclear,2,22,1982,16873.406874930373
SPA,Nuclear,2,23,1982,16106.369353391801
SPA,Nuclear,2,24,1982,14581.427949776074
SPA,Nuclear,3,1,1982,23277.443929978894
SPA,Nuclear,3,2,1982,22422.317623857125
SPA,Nuclear,3,3,1982,21600.889601413848
SPA,Nuclear,3,4,1982,21594.074557571246
SPA,Nuclear,3,5,1982,22267.219691522052
SPA,Nuclear,3,6,1982,23971.097604465755
SPA,Nuclear,3,7,1982,26308.027918129905
SPA,Nuclear,3,8,1982,28000.0
SPA,Nuclear,3,9,1982,26916.094765139595
SPA,Nuclear,3,10,1982,26978.59429780873
SPA,Nuclear,3,11,1982,21378.59429780873
SPA,Nuclear,3,12,1982,21171.79270856265
SPA,Nuclear,3,13,1982,26771.79270856265
SPA,Nuclear,3,14,1982,28000.0
SPA,Nuclear,3,15,1982,24531.953977671717
SPA,Nuclear,3,16,1982,18931.953977671717
SPA,Nuclear,3,17,1982,24531.953977671717
SPA,Nuclear,3,18,1982,28000.0
SPA,Nuclear,3,19,1982,22908.809805786055
SPA,Nuclear,3,20,1982,22996.405935000188
SPA,Nuclear,3,21,1982,21216.896991642778
SPA,Nuclear,3,22,1982,18356.072645226184
SPA,Nuclear,3,23,1982,17444.765305336652
SPA,Nuclear,3,24,1982,14905.811533559163
SWE,Nuclear,1,1,1982,2190.075583260545
SWE,Nuclear,1,2,1982,1393.4731175733486
SWE,Nuclear,1,3,1982,3593.4731175733486
SWE,Nuclear,1,4,1982,1577.2280085720959
SWE,Nuclear,1,5,1982,3777.228008572096
SWE,Nuclear,1,6,1982,5977.228008572096
SWE,Nuclear,1,7,1982,8177.228008572096
SWE,Nuclear,1,8,1982,9328.033476019984
SWE,Nuclear,1,9,1982,9720.342573639577
SWE,Nuclear,1,10,1982,11000.0
SWE,Nuclear,1,11,1982,10979.598053196843
SWE,Nuclear,1,12,1982,11000.0
SWE,Nuclear,1,13,1982,11000.0
SWE,Nuclear,1,14,1982,11000.0
SWE,Nuclear,1,15,1982,11000.0
SWE,Nuclear,1,16,1982,10999.378043294619
SWE,Nuclear,1,17,1982,11000.0
SWE,Nuclear,1,18,1982,11000.0
SWE,Nuclear,1,19,1982,11000.0
SWE,Nuclear,1,20,1982,11000.0
SWE,Nuclear,1,21,1982,8800.0
SWE,Nuclear,1,22,1982,7464.400797225092
SWE,Nuclear,1,23,1982,8732.684427889613
SWE,Nuclear,1,24,1982,8808.610660303159
SWE,Nuclear,2,10,1982,1896.1702572062277
SWE,Nuclear,2,13,1982,2200.0
SWE,Nuclear,2,14,1982,2262.4102459791284
SWE,Nuclear,2,15,1982,2563.852761963539
SWE,Nuclear,2,16,1982,4763.852761963539
SWE,Nuclear,2,17,1982,5614.237061968175
SWE,Nuclear,2,18,1982,6181.207767908098
SWE,Nuclear,2,19,1982,6101.705737511362
SWE,Nuclear,2,20,1982,5896.940711192151
SWE,Nuclear,2,21,1982,5620.1870903330955
SWE,Nuclear,2,22,1982,5271.923114707639
SWE,Nuclear,2,23,1982,5005.190772807302
SWE,Nuclear,2,24,1982,4805.513708034199
SWE,Nuclear,3,1,1982,1762.4864060230907
SWE,Nuclear,3,8,1982,1879.1253315489562
SWE,Nuclear,3,9,1982,2858.1703127605583
SWE,Nuclear,3,10,1982,2567.7931276534223
SWE,Nuclear,3,11,1982,1562.6959614867374
SWE,Nuclear,3,15,1982,2200.0
SWE,Nuclear,3,16,1982,4400.0
SWE,Nuclear,3,17,1982,5276.539306781089
SWE,Nuclear,3,18,1982,3076.5393067810887
SWE,Nuclear,3,19,1982,2200.0
SWE,WindOn,1,1,1982,4413.009434914638
SWE,WindOn,1,2,1982,4315.255855635916
SWE,WindOn,1,3,1982,4316.319966350628
SWE,WindOn,1,4,1982,4363.43961021015
SWE,WindOn,1,5,1982,4469.989348517223
SWE,WindOn,1,6,1982,4515.370739257123
SWE,WindOn,1,7,1982,4525.862508108614
SWE,WindOn,1,8,1982,4495.534487073266
SWE,WindOn,1,9,1982,4479.547748281071
SWE,WindOn,1,10,1982,4458.9205788550835
SWE,WindOn,1,11,1982,4493.7821867111725
SWE,WindOn,1,12,1982,4430.333034784095
SWE,WindOn,1,13,1982,4324.581783969783
SWE,WindOn,1,14,1982,4187.643179436592
SWE,WindOn,1,15,1982,4033.345929600883
SWE,WindOn,1,16,1982,3925.387989888824
SWE,WindOn,1,17,1982,3775.822654717725
SWE,WindOn,1,18,1982,3674.3133392971167
SWE,WindOn,1,19,1982,3641.3207770637778
SWE,WindOn,1,20,1982,3668.7605191074217
SWE,WindOn,1,21,1982,3742.9536601549703
SWE,WindOn,1,22,1982,3885.192391002658
SWE,WindOn,1,23,1982,4085.531407513783
SWE,WindOn,1,24,1982,4135.5924376725925
SWE,WindOn,2,1,1982,4632.966009983131
SWE,WindOn,2,2,1982,5251.7251228960595
SWE,WindOn,2,3,1982,4409.0051434752895
SWE,WindOn,2,4,1982,5230.797512023657
SWE,WindOn,2,5,1982,5189.420590812342
SWE,WindOn,2,6,1982,4324.771408470186
SWE,WindOn,2,7,1982,6174.069087354162
SWE,WindOn,2,8,1982,6318.12593301445
SWE,WindOn,2,9,1982,6421.597930687011
SWE,WindOn,2,10,1982,6494.817637813535
SWE,WindOn,2,11,1982,6944.729945420268
SWE,WindOn,2,12,1982,6834.125857348954
SWE,WindOn,2,13,1982,6709.497084725194
SWE,WindOn,2,14,1982,6563.807645419961
SWE,WindOn,2,15,1982,6488.969422248578
SWE,WindOn,2,16,1982,6338.056199426203
SWE,WindOn,2,17,1982,6347.866658935235
SWE,WindOn,2,18,1982,6452.004643414725
SWE,WindOn,2,19,1982,6428.8960588047685
SWE,WindOn,2,20,1982,6413.656400828265
SWE,WindOn,2,21,1982,6484.824303110331
SWE,WindOn,2,22,1982,6579.9435597780775
SWE,WindOn,2,23,1982,6733.6159731868665
SWE,WindOn,2,24,1982,6819.240849266251
SWE,WindOn,3,1,1982,5970.068252187017
SWE,WindOn,3,2,1982,5821.908010173322
SWE,WindOn,3,3,1982,5621.595267244476
SWE,WindOn,3,4,1982,5504.1896226719355
SWE,WindOn,3,5,1982,5407.820754216326
SWE,WindOn,3,6,1982,5247.6319243056905
SWE,WindOn,3,7,1982,5125.239248631591
SWE,WindOn,3,8,1982,4983.933536756823
SWE,WindOn,3,9,1982,4832.605675420272
SWE,WindOn,3,10,1982,4639.0753491133555
SWE,WindOn,3,11,1982,4565.30138612838
SWE,WindOn,3,12,1982,4455.880197258958
SWE,WindOn,3,13,1982,4402.714158019669
SWE,WindOn,3,14,1982,4523.726116459852
SWE,WindOn,3,15,1982,4710.073629063216
SWE,WindOn,3,16,1982,4881.93506508229
SWE,WindOn,3,17,1982,5050.161244537513
SWE,WindOn,3,18,1982,5124.194218762899
SWE,WindOn,3,19,1982,5258.331481530686
SWE,WindOn,3,20,1982,5390.2625252547
SWE,WindOn,3,21,1982,5532.3285810293055
SWE,WindOn,3,22,1982,5621.362870853164
SWE,WindOn,3,23,1982,6114.784575621032
SWE,WindOn,3,24,1982,6011.943251649489
SWI,Nuclear,1,1,1982,18266.05720536153
SWI,Nuclear,1,2,1982,18150.745830216943
SWI,Nuclear,1,3,1982,18090.441358429285
SWI,Nuclear,1,4,1982,15951.538687204553
SWI,Nuclear,1,5,1982,12151.538687204553
SWI,Nuclear,1,6,1982,14199.884563857797
SWI,Nuclear,1,7,1982,17999.8845638578
SWI,Nuclear,1,8,1982,19000.0
SWI,Nuclear,1,9,1982,16771.64276801869
SWI,Nuclear,1,10,1982,19000.0
SWI,Nuclear,1,11,1982,19000.0
SWI,Nuclear,1,12,1982,19000.0
SWI,Nuclear,1,13,1982,19000.0
SWI,Nuclear,1,14,1982,19000.0
SWI,Nuclear,1,15,1982,19000.0
SWI,Nuclear,1,16,1982,15524.271452831652
SWI,Nuclear,1,17,1982,19000.0
SWI,Nuclear,1,18,1982,19000.0
SWI,Nuclear,1,19,1982,19000.0
SWI,Nuclear,1,20,1982,19000.0
SWI,Nuclear,1,21,1982,19000.0
SWI,Nuclear,1,22,1982,15200.0
SWI,Nuclear,1,23,1982,14083.310370662632
SWI,Nuclear,1,24,1982,12928.036557959207
SWI,Nuclear,2,5,1982,1347.2217618894938
SWI,Nuclear,2,6,1982,5147.221761889494
SWI,Nuclear,2,7,1982,8947.221761889494
SWI,Nuclear,2,8,1982,12747.221761889494
SWI,Nuclear,2,9,1982,16547.221761889494
SWI,Nuclear,2,10,1982,19000.0
SWI,Nuclear,2,11,1982,15200.0
SWI,Nuclear,2,12,1982,14138.383211931867
SWI,Nuclear,2,13,1982,14902.653901763106
SWI,Nuclear,2,14,1982,16180.123291164433
SWI,Nuclear,2,15,1982,17487.968065087105
SWI,Nuclear,2,16,1982,19000.0
SWI,Nuclear,2,17,1982,19000.0
SWI,Nuclear,2,18,1982,19000.0
SWI,Nuclear,2,19,1982,18982.648836230677
SWI,Nuclear,2,20,1982,18831.65626222884
SWI,Nuclear,2,21,1982,18898.786873066823
SWI,Nuclear,2,22,1982,16225.933393568579
SWI,Nuclear,2,23,1982,12425.933393568579
SWI,Nuclear,2,24,1982,8625.933393568579
SWI,Nuclear,3,5,1982,3800.0
SWI,Nuclear,3,6,1982,7600.0
SWI,Nuclear,3,7,1982,11400.0
SWI,Nuclear,3,8,1982,14933.211586886104
SWI,Nuclear,3,9,1982,15010.324478056784
SWI,Nuclear,3,10,1982,15200.0
SWI,Nuclear,3,11,1982,19000.0
SWI,Nuclear,3,12,1982,19000.0
SWI,Nuclear,3,13,1982,19000.0
SWI,Nuclear,3,14,1982,15200.0
SWI,Nuclear,3,15,1982,17559.59965446676
SWI,Nuclear,3,16,1982,19000.0
SWI,Nuclear,3,17,1982,15200.0
SWI,Nuclear,3,18,1982,19000.0
SWI,Nuclear,3,19,1982,19000.0
SWI,Nuclear,3,20,1982,16966.54395161164
SWI,Nuclear,3,21,1982,16387.856796002245
SWI,Nuclear,3,22,1982,18688.072639834747
SWI,Nuclear,3,23,1982,15780.393981223166
SWI,Nuclear,3,24,1982,17031.378280434317
UKI,Nuclear,1,1,1982,15749.47877340826
UKI,Nuclear,1,2,1982,15488.545547092599
UKI,Nuclear,1,3,1982,19012.825475297937
UKI,Nuclear,1,4,1982,11612.825475297937
UKI,Nuclear,1,5,1982,12959.66478971214
UKI,Nuclear,1,6,1982,20359.66478971214
UKI,Nuclear,1,7,1982,26480.421346698924
UKI,Nuclear,1,8,1982,33199.55601462992
UKI,Nuclear,1,9,1982,37000.0
UKI,Nuclear,1,10,1982,37000.0
UKI,Nuclear,1,11,1982,37000.0
UKI,Nuclear,1,12,1982,37000.0
UKI,Nuclear,1,13,1982,37000.0
UKI,Nuclear,1,14,1982,37000.0
UKI,Nuclear,1,15,1982,31303.33977104547
UKI,Nuclear,1,16,1982,37000.0
UKI,Nuclear,1,17,1982,37000.0
UKI,Nuclear,1,18,1982,37000.0
UKI,Nuclear,1,19,1982,37000.0
UKI,Nuclear,1,20,1982,37000.0
UKI,Nuclear,1,21,1982,37000.0
UKI,Nuclear,1,22,1982,29600.0
UKI,Nuclear,1,23,1982,26198.580687625625
UKI,Nuclear,1,24,1982,18798.580687625625
UKI,Nuclear,2,1,1982,23336.169781829525
UKI,Nuclear,2,2,1982,15936.169781829525
UKI,Nuclear,2,3,1982,16969.396133804745
UKI,Nuclear,2,4,1982,9569.396133804745
UKI,Nuclear,2,5,1982,4632.224822072603
UKI,Nuclear,2,6,1982,12032.224822072603
UKI,Nuclear,2,7,1982,19432.224822072603
UKI,Nuclear,2,8,1982,16410.559925233163
UKI,Nuclear,2,9,1982,23810.559925233163
UKI,Nuclear,2,10,1982,31210.559925233163
UKI,Nuclear,2,11,1982,37000.0
UKI,Nuclear,2,12,1982,31069.152053469646
UKI,Nuclear,2,13,1982,31110.416800221847
UKI,Nuclear,2,14,1982,37000.0
UKI,Nuclear,2,15,1982,33713.67475383765
UKI,Nuclear,2,16,1982,32150.92736550366
UKI,Nuclear,2,17,1982,37000.0
UKI,Nuclear,2,18,1982,37000.0
UKI,Nuclear,2,19,1982,37000.0
UKI,Nuclear,2,20,1982,36325.326762719786
UKI,Nuclear,2,21,1982,34568.94645201818
UKI,Nuclear,2,22,1982,36566.22470478455
UKI,Nuclear,2,23,1982,36104.653460446396
UKI,Nuclear,2,24,1982,32048.244390116903
UKI,Nuclear,3,2,1982,4483.946872929069
UKI,Nuclear,3,3,1982,7729.455063254321
UKI,Nuclear,3,4,1982,7196.370566314423
UKI,Nuclear,3,7,1982,2499.373939155623
UKI,Nuclear,3,8,1982,7971.502946134901
UKI,Nuclear,3,9,1982,15371.5029461349
UKI,Nuclear,3,10,1982,20195.972008851233
UKI,Nuclear,3,11,1982,27595.972008851233
UKI,Nuclear,3,12,1982,28034.10082969185
UKI,Nuclear,3,13,1982,20634.10082969185
UKI,Nuclear,3,14,1982,25165.38483677245
UKI,Nuclear,3,15,1982,17765.38483677245
UKI,Nuclear,3,16,1982,24463.788652170966
UKI,Nuclear,3,17,1982,31863.788652170966
UKI,Nuclear,3,18,1982,36521.941801628396
UKI,Nuclear,3,19,1982,35053.68440202183
UKI,Nuclear,3,20,1982,27653.68440202183
UKI,Nuclear,3,21,1982,20253.68440202183
UKI,Nuclear,3,22,1982,12853.68440202183
UKI,Nuclear,3,23,1982,5453.6844020218305
UKI,WindOn,1,1,1982,6801.509989370214
UKI,WindOn,1,2,1982,6746.296903064603
UKI,WindOn,1,3,1982,6628.08668671678
UKI,WindOn,1,4,1982,6601.985542961334
UKI,WindOn,1,5,1982,6635.239597144449
UKI,WindOn,1,6,1982,6640.029025229895
UKI,WindOn,1,7,1982,6671.498485730541
UKI,WindOn,1,8,1982,6776.50596556428
UKI,WindOn,1,9,1982,6924.520719401089
UKI,WindOn,1,10,1982,7052.824543586795
UKI,WindOn,1,11,1982,6962.516102512245
UKI,WindOn,1,12,1982,7042.144259598854
UKI,WindOn,1,13,1982,7126.810769479283
UKI,WindOn,1,14,1982,7030.312072943046
UKI,WindOn,1,15,1982,6945.453212720811
UKI,WindOn,1,16,1982,6841.404672866929
UKI,WindOn,1,17,1982,6892.659828475487
UKI,WindOn,1,18,1982,7181.535900665108
UKI,WindOn,1,19,1982,7467.290214678923
UKI,WindOn,1,20,1982,7740.017709884967
UKI,WindOn,1,21,1982,8066.635491348785
UKI,WindOn,1,22,1982,8197.091495328257
UKI,WindOn,1,23,1982,8177.905062915122
UKI,WindOn,1,24,1982,8248.443953497854
UKI,WindOn,2,1,1982,6560.519322274468
UKI,WindOn,2,2,1982,6398.110306071809
UKI,WindOn,2,3,1982,6266.429606265458
UKI,WindOn,2,4,1982,6214.093695593972
UKI,WindOn,2,5,1982,6099.888931081494
UKI,WindOn,2,6,1982,5919.931897710818
UKI,WindOn,2,7,1982,5702.02913953597
UKI,WindOn,2,8,1982,5599.593918589898
UKI,WindOn,2,9,1982,5460.798409124981
UKI,WindOn,2,10,1982,5392.095888228065
UKI,WindOn,2,11,1982,5551.8833169963045
UKI,WindOn,2,12,1982,5174.889896846992
UKI,WindOn,2,13,1982,4801.845157236552
UKI,WindOn,2,14,1982,4533.55119911354
UKI,WindOn,2,15,1982,4130.184009211379
UKI,WindOn,2,16,1982,3754.039642676227
UKI,WindOn,2,17,1982,3543.2161177346225
UKI,WindOn,2,18,1982,3381.8241171538257
UKI,WindOn,2,19,1982,3295.8097458665416
UKI,WindOn,2,20,1982,3220.6164623657487
UKI,WindOn,2,21,1982,3283.0927294035264
UKI,WindOn,2,22,1982,3363.8267405680403
UKI,WindOn,2,23,1982,3320.2461323466337
UKI,WindOn,2,24,1982,3367.5117911838306
UKI,WindOn,3,1,1982,12287.404224112715
UKI,WindOn,3,2,1982,12317.650110179697
UKI,WindOn,3,3,1982,12250.954130186761
UKI,WindOn,3,4,1982,12226.537704238295
UKI,WindOn,3,5,1982,12353.641795987713
UKI,WindOn,3,6,1982,12546.077140061663
UKI,WindOn,3,7,1982,12683.3668992423
UKI,WindOn,3,8,1982,12714.800702215634
UKI,WindOn,3,9,1982,12745.696238066244
UKI,WindOn,3,10,1982,12720.308510997664
UKI,WindOn,3,11,1982,12634.992181631107
UKI,WindOn,3,12,1982,12548.883358590174
UKI,WindOn,3,13,1982,12602.073505595929
UKI,WindOn,3,14,1982,12664.896820661417
UKI,WindOn,3,15,1982,12543.140838750636
UKI,WindOn,3,16,1982,12368.083586228247
UKI,WindOn,3,17,1982,12165.059412759883
UKI,WindOn,3,18,1982,12130.628074894877
UKI,WindOn,3,19,1982,12198.575534613668
UKI,WindOn,3,20,1982,12296.859624845052
UKI,WindOn,3,21,1982,12275.280852380689
UKI,WindOn,3,22,1982,12148.176027159014
UKI,WindOn,3,23,1982,12379.602080708724
UKI,WindOn,3,24,1982,12189.809544370833
